algorithm,checkpoint,step,model_path,mean_reward,std_reward,min_reward,max_reward,mean_caught,mean_missed,mean_coverage,mean_false
A2C,wildlife_a2c_5000_steps.zip,5000,models/a2c/wildlife_a2c_5000_steps.zip,-46.2675,10.6089,-67.4202,-40.0150,0.0000,8.4000,11.4000,0.0000
A2C,wildlife_a2c_10000_steps.zip,10000,models/a2c/wildlife_a2c_10000_steps.zip,-44.4973,6.9245,-56.2692,-35.0446,0.0000,8.4000,10.4000,0.0000
A2C,wildlife_a2c_15000_steps.zip,15000,models/a2c/wildlife_a2c_15000_steps.zip,230.0374,279.7324,10.4740,775.2558,2.6000,4.6000,11.8000,0.0000
A2C,wildlife_a2c_20000_steps.zip,20000,models/a2c/wildlife_a2c_20000_steps.zip,-34.4646,21.9979,-53.1484,8.4224,0.4000,3.8000,8.0000,0.0000
A2C,wildlife_a2c_25000_steps.zip,25000,models/a2c/wildlife_a2c_25000_steps.zip,1414.8255,1705.0261,-1092.6962,3596.4922,0.0000,5.8000,6.2000,37.2000
A2C,wildlife_a2c_30000_steps.zip,30000,models/a2c/wildlife_a2c_30000_steps.zip,3441.6816,737.8606,2096.6870,4270.7092,0.0000,8.2000,4.6000,7.4000
A2C,wildlife_a2c_35000_steps.zip,35000,models/a2c/wildlife_a2c_35000_steps.zip,2368.9631,427.4638,1801.5046,2986.0108,0.0000,9.0000,11.0000,0.0000
A2C,wildlife_a2c_40000_steps.zip,40000,models/a2c/wildlife_a2c_40000_steps.zip,1073.6438,1939.1108,-2251.4258,3028.2228,0.0000,9.6000,7.4000,199.4000
A2C,wildlife_a2c_45000_steps.zip,45000,models/a2c/wildlife_a2c_45000_steps.zip,2502.8170,1159.3596,270.7974,3640.5970,0.0000,4.8000,5.6000,21.0000
A2C,wildlife_a2c_50000_steps.zip,50000,models/a2c/wildlife_a2c_50000_steps.zip,1684.1285,1542.7139,-23.5716,3699.9000,0.0000,5.0000,14.6000,20.4000
A2C,wildlife_a2c_55000_steps.zip,55000,models/a2c/wildlife_a2c_55000_steps.zip,3025.0479,748.2075,2204.0232,4321.0094,0.0000,7.2000,14.2000,53.4000
A2C,wildlife_a2c_60000_steps.zip,60000,models/a2c/wildlife_a2c_60000_steps.zip,2107.9424,1128.7024,744.8460,4085.9152,0.0000,9.0000,12.8000,38.6000
A2C,wildlife_a2c_65000_steps.zip,65000,models/a2c/wildlife_a2c_65000_steps.zip,-60.8132,11.2187,-78.6160,-45.1778,0.0000,10.0000,11.6000,0.0000
A2C,wildlife_a2c_70000_steps.zip,70000,models/a2c/wildlife_a2c_70000_steps.zip,423.5744,893.2927,-80.4552,2204.9534,0.0000,5.6000,4.8000,38.8000
A2C,wildlife_a2c_75000_steps.zip,75000,models/a2c/wildlife_a2c_75000_steps.zip,1210.6980,1122.3516,-620.5132,2395.5470,0.0000,4.6000,4.6000,79.8000
A2C,wildlife_a2c_80000_steps.zip,80000,models/a2c/wildlife_a2c_80000_steps.zip,2573.4220,564.3870,1639.1370,3316.6112,0.0000,6.4000,9.4000,31.0000
A2C,wildlife_a2c_85000_steps.zip,85000,models/a2c/wildlife_a2c_85000_steps.zip,3009.1713,1227.7705,1859.4230,5127.9086,0.0000,9.0000,9.8000,0.0000
A2C,wildlife_a2c_90000_steps.zip,90000,models/a2c/wildlife_a2c_90000_steps.zip,3524.0374,490.1893,2998.4360,4392.0482,0.0000,6.6000,8.4000,6.4000
A2C,wildlife_a2c_95000_steps.zip,95000,models/a2c/wildlife_a2c_95000_steps.zip,1498.1408,979.6995,541.8348,3001.3332,0.0000,7.0000,13.4000,53.2000
A2C,wildlife_a2c_100000_steps.zip,100000,models/a2c/wildlife_a2c_100000_steps.zip,909.2226,824.1953,-94.0628,1894.4510,0.0000,7.8000,23.2000,74.0000
A2C,wildlife_a2c_105000_steps.zip,105000,models/a2c/wildlife_a2c_105000_steps.zip,408.4591,936.5214,-74.9944,2281.2228,0.2000,8.4000,13.4000,1.0000
A2C,wildlife_a2c_110000_steps.zip,110000,models/a2c/wildlife_a2c_110000_steps.zip,1503.2289,520.0191,945.2408,2303.9948,0.0000,6.0000,15.2000,33.2000
A2C,wildlife_a2c_115000_steps.zip,115000,models/a2c/wildlife_a2c_115000_steps.zip,1417.8910,1176.6218,-46.8284,3362.3672,0.0000,8.0000,15.6000,25.2000
A2C,wildlife_a2c_120000_steps.zip,120000,models/a2c/wildlife_a2c_120000_steps.zip,-51.4875,5.3005,-59.3562,-45.2006,0.0000,8.6000,12.2000,1.0000
A2C,wildlife_a2c_125000_steps.zip,125000,models/a2c/wildlife_a2c_125000_steps.zip,2259.0457,935.0856,646.6382,3325.0174,0.0000,3.8000,10.0000,25.0000
A2C,wildlife_a2c_130000_steps.zip,130000,models/a2c/wildlife_a2c_130000_steps.zip,1682.0112,824.2564,616.5400,3057.7850,0.0000,6.4000,13.2000,33.2000
A2C,wildlife_a2c_135000_steps.zip,135000,models/a2c/wildlife_a2c_135000_steps.zip,1658.0830,1526.5000,-74.6704,3699.9000,0.0000,7.2000,5.0000,40.0000
A2C,wildlife_a2c_140000_steps.zip,140000,models/a2c/wildlife_a2c_140000_steps.zip,2271.7516,1750.9620,62.4224,4816.3824,0.0000,7.6000,10.4000,110.8000
A2C,wildlife_a2c_145000_steps.zip,145000,models/a2c/wildlife_a2c_145000_steps.zip,2807.6336,1517.3687,-50.0152,4243.0920,0.0000,9.4000,7.0000,31.0000
A2C,wildlife_a2c_150000_steps.zip,150000,models/a2c/wildlife_a2c_150000_steps.zip,648.0441,1303.4284,-14.0470,3254.7822,1.0000,6.0000,12.8000,2.0000
A2C,wildlife_a2c_155000_steps.zip,155000,models/a2c/wildlife_a2c_155000_steps.zip,622.3597,820.2513,-33.9532,1917.8564,0.2000,8.2000,26.4000,12.0000
A2C,wildlife_a2c_160000_steps.zip,160000,models/a2c/wildlife_a2c_160000_steps.zip,305.1112,491.3230,-310.7002,1138.1988,0.0000,8.0000,23.0000,52.4000
A2C,wildlife_a2c_165000_steps.zip,165000,models/a2c/wildlife_a2c_165000_steps.zip,272.5700,480.3546,-80.6388,1210.4838,0.0000,6.2000,13.2000,20.2000
A2C,wildlife_a2c_170000_steps.zip,170000,models/a2c/wildlife_a2c_170000_steps.zip,1286.0930,1569.8999,-71.5690,4018.7488,0.0000,7.6000,11.8000,16.6000
A2C,wildlife_a2c_175000_steps.zip,175000,models/a2c/wildlife_a2c_175000_steps.zip,342.5704,574.2480,-53.1552,1463.3208,0.6000,7.4000,28.4000,0.2000
A2C,wildlife_a2c_180000_steps.zip,180000,models/a2c/wildlife_a2c_180000_steps.zip,1348.1683,1040.5907,-46.1366,2328.6460,0.0000,6.2000,8.2000,13.0000
A2C,wildlife_a2c_185000_steps.zip,185000,models/a2c/wildlife_a2c_185000_steps.zip,517.3467,741.4416,-79.6060,1739.5590,0.0000,5.8000,16.0000,0.0000
A2C,wildlife_a2c_190000_steps.zip,190000,models/a2c/wildlife_a2c_190000_steps.zip,1980.3433,708.0571,954.9424,3130.0426,0.0000,5.8000,9.4000,13.4000
A2C,wildlife_a2c_195000_steps.zip,195000,models/a2c/wildlife_a2c_195000_steps.zip,133.2241,265.6525,-67.1196,625.6492,0.2000,8.4000,18.0000,0.0000
A2C,wildlife_a2c_200000_steps.zip,200000,models/a2c/wildlife_a2c_200000_steps.zip,21.4806,110.9415,-81.3372,187.4572,2.4000,8.6000,7.2000,0.2000
A2C,wildlife_a2c_205000_steps.zip,205000,models/a2c/wildlife_a2c_205000_steps.zip,564.1708,551.9762,1.9122,1513.1852,0.8000,8.2000,35.2000,1.2000
A2C,wildlife_a2c_210000_steps.zip,210000,models/a2c/wildlife_a2c_210000_steps.zip,-38.7032,4.2089,-44.5540,-32.0402,0.0000,11.6000,11.8000,0.0000
A2C,wildlife_a2c_215000_steps.zip,215000,models/a2c/wildlife_a2c_215000_steps.zip,1536.3874,1927.9895,-50.8064,3941.1372,0.6000,6.4000,10.8000,1.6000
A2C,wildlife_a2c_220000_steps.zip,220000,models/a2c/wildlife_a2c_220000_steps.zip,2149.3087,547.5494,1513.6754,2939.2540,0.8000,10.2000,12.2000,9.8000
A2C,wildlife_a2c_225000_steps.zip,225000,models/a2c/wildlife_a2c_225000_steps.zip,94.6087,298.7983,-65.9670,691.8838,0.0000,7.2000,15.6000,2.6000
A2C,wildlife_a2c_230000_steps.zip,230000,models/a2c/wildlife_a2c_230000_steps.zip,2793.6260,534.6044,2086.2744,3615.9000,0.0000,5.6000,12.6000,12.4000
A2C,wildlife_a2c_235000_steps.zip,235000,models/a2c/wildlife_a2c_235000_steps.zip,245.5941,386.7783,-50.3426,909.1080,0.0000,8.4000,22.2000,0.6000
A2C,wildlife_a2c_240000_steps.zip,240000,models/a2c/wildlife_a2c_240000_steps.zip,1192.6938,580.6791,359.8470,1935.9530,0.0000,8.2000,13.8000,30.6000
A2C,wildlife_a2c_245000_steps.zip,245000,models/a2c/wildlife_a2c_245000_steps.zip,2277.4131,1291.3376,600.6202,4204.0454,0.0000,7.4000,15.8000,66.6000
A2C,wildlife_a2c_250000_steps.zip,250000,models/a2c/wildlife_a2c_250000_steps.zip,1070.1686,1357.5600,-48.1406,2783.0958,0.0000,6.4000,8.2000,0.8000
A2C,wildlife_a2c_255000_steps.zip,255000,models/a2c/wildlife_a2c_255000_steps.zip,1362.2796,1406.1937,-63.7324,3156.0418,0.2000,7.4000,11.8000,3.4000
A2C,wildlife_a2c_260000_steps.zip,260000,models/a2c/wildlife_a2c_260000_steps.zip,1430.2962,1810.3912,-49.7560,3699.9000,0.0000,7.0000,9.0000,0.6000
A2C,wildlife_a2c_265000_steps.zip,265000,models/a2c/wildlife_a2c_265000_steps.zip,558.8512,889.3569,-65.7326,2276.3456,0.4000,5.6000,6.4000,0.4000
A2C,wildlife_a2c_270000_steps.zip,270000,models/a2c/wildlife_a2c_270000_steps.zip,1654.5537,1065.4102,-16.4376,2923.5260,0.0000,5.6000,22.6000,4.8000
A2C,wildlife_a2c_275000_steps.zip,275000,models/a2c/wildlife_a2c_275000_steps.zip,1174.7389,1721.4555,-63.9896,4383.8892,1.2000,6.4000,15.6000,0.6000
A2C,wildlife_a2c_280000_steps.zip,280000,models/a2c/wildlife_a2c_280000_steps.zip,703.7748,1527.0138,-69.8560,3757.7798,0.0000,12.4000,10.8000,13.6000
A2C,wildlife_a2c_285000_steps.zip,285000,models/a2c/wildlife_a2c_285000_steps.zip,2429.8022,1570.4091,-492.1798,3637.7986,0.0000,4.8000,9.8000,30.6000
A2C,wildlife_a2c_290000_steps.zip,290000,models/a2c/wildlife_a2c_290000_steps.zip,12.6174,128.9768,-61.9670,270.2578,0.0000,9.2000,30.4000,0.0000
A2C,wildlife_a2c_295000_steps.zip,295000,models/a2c/wildlife_a2c_295000_steps.zip,-36.8013,41.7509,-84.0630,31.9562,0.4000,6.8000,19.8000,0.4000
A2C,wildlife_a2c_300000_steps.zip,300000,models/a2c/wildlife_a2c_300000_steps.zip,1564.0483,2008.4047,-93.9168,4323.7618,0.6000,7.8000,13.2000,1.0000
A2C,wildlife_a2c_305000_steps.zip,305000,models/a2c/wildlife_a2c_305000_steps.zip,2033.8962,719.2259,1186.4486,3100.6310,0.0000,6.0000,10.8000,31.2000
A2C,wildlife_a2c_310000_steps.zip,310000,models/a2c/wildlife_a2c_310000_steps.zip,1599.5385,471.5908,999.0430,2268.6570,0.0000,8.4000,16.0000,2.2000
A2C,wildlife_a2c_315000_steps.zip,315000,models/a2c/wildlife_a2c_315000_steps.zip,1337.6298,1461.0446,-64.7326,3404.8532,0.0000,5.4000,12.4000,6.4000
A2C,wildlife_a2c_320000_steps.zip,320000,models/a2c/wildlife_a2c_320000_steps.zip,1637.2439,1122.6607,-43.2106,3148.3122,0.2000,4.8000,12.4000,7.8000
A2C,wildlife_a2c_325000_steps.zip,325000,models/a2c/wildlife_a2c_325000_steps.zip,2496.6785,798.0329,1354.6576,3631.5858,0.0000,4.8000,9.4000,0.0000
A2C,wildlife_a2c_330000_steps.zip,330000,models/a2c/wildlife_a2c_330000_steps.zip,966.8663,1113.5525,-68.7328,2377.1530,0.0000,7.0000,6.8000,0.4000
A2C,wildlife_a2c_335000_steps.zip,335000,models/a2c/wildlife_a2c_335000_steps.zip,152.1574,417.2240,-58.9670,986.5950,0.0000,6.8000,12.8000,0.0000
A2C,wildlife_a2c_340000_steps.zip,340000,models/a2c/wildlife_a2c_340000_steps.zip,430.5178,617.5900,-61.3692,1557.2268,1.0000,6.0000,13.8000,0.0000
A2C,wildlife_a2c_345000_steps.zip,345000,models/a2c/wildlife_a2c_345000_steps.zip,355.1799,602.9700,-69.7332,1505.5598,0.0000,4.4000,11.0000,8.2000
A2C,wildlife_a2c_350000_steps.zip,350000,models/a2c/wildlife_a2c_350000_steps.zip,373.0708,490.3000,-83.3324,1077.6116,0.2000,7.4000,22.6000,0.2000
A2C,wildlife_a2c_355000_steps.zip,355000,models/a2c/wildlife_a2c_355000_steps.zip,2166.7709,1137.9658,894.4726,3700.6490,0.0000,4.6000,8.8000,25.6000
A2C,wildlife_a2c_360000_steps.zip,360000,models/a2c/wildlife_a2c_360000_steps.zip,508.9980,452.8570,-59.7332,1090.5368,0.4000,6.0000,14.0000,0.4000
A2C,wildlife_a2c_365000_steps.zip,365000,models/a2c/wildlife_a2c_365000_steps.zip,1101.8823,930.5467,-47.8180,2386.5562,0.2000,7.8000,9.0000,0.2000
A2C,wildlife_a2c_370000_steps.zip,370000,models/a2c/wildlife_a2c_370000_steps.zip,2594.2982,1561.7724,847.0456,5083.5592,0.0000,8.2000,15.0000,5.8000
A2C,wildlife_a2c_375000_steps.zip,375000,models/a2c/wildlife_a2c_375000_steps.zip,1755.6479,1005.3994,822.5200,3637.7980,0.0000,5.2000,8.6000,28.4000
A2C,wildlife_a2c_380000_steps.zip,380000,models/a2c/wildlife_a2c_380000_steps.zip,1907.6552,1367.0974,-53.4228,3495.4004,0.0000,7.6000,11.4000,13.4000
A2C,wildlife_a2c_385000_steps.zip,385000,models/a2c/wildlife_a2c_385000_steps.zip,2267.1175,789.3445,1354.0748,3560.6846,0.0000,7.4000,20.0000,21.2000
A2C,wildlife_a2c_390000_steps.zip,390000,models/a2c/wildlife_a2c_390000_steps.zip,1234.3844,1429.8155,-52.5304,3699.9000,0.0000,5.0000,12.6000,29.8000
A2C,wildlife_a2c_395000_steps.zip,395000,models/a2c/wildlife_a2c_395000_steps.zip,631.5558,1194.2847,-46.0256,3006.2022,0.0000,10.2000,10.8000,9.0000
A2C,wildlife_a2c_400000_steps.zip,400000,models/a2c/wildlife_a2c_400000_steps.zip,189.1980,258.4133,-49.6772,547.4808,0.8000,8.8000,21.2000,0.0000
A2C,wildlife_a2c_405000_steps.zip,405000,models/a2c/wildlife_a2c_405000_steps.zip,62.9319,75.1457,-47.5016,167.6938,2.6000,7.4000,18.0000,0.0000
A2C,wildlife_a2c_410000_steps.zip,410000,models/a2c/wildlife_a2c_410000_steps.zip,1905.8450,1971.0978,-49.2112,5200.3284,0.0000,7.4000,11.8000,0.2000
A2C,wildlife_a2c_415000_steps.zip,415000,models/a2c/wildlife_a2c_415000_steps.zip,2442.4788,1259.4545,-45.2450,3408.8532,0.0000,7.6000,13.4000,22.2000
A2C,wildlife_a2c_420000_steps.zip,420000,models/a2c/wildlife_a2c_420000_steps.zip,1739.9904,924.6756,564.0368,3206.3976,0.0000,4.8000,10.4000,20.2000
A2C,wildlife_a2c_425000_steps.zip,425000,models/a2c/wildlife_a2c_425000_steps.zip,2116.6887,317.9043,1810.2660,2695.5240,0.0000,7.0000,10.4000,16.4000
A2C,wildlife_a2c_430000_steps.zip,430000,models/a2c/wildlife_a2c_430000_steps.zip,785.8080,1072.6113,-69.5682,2502.9924,0.0000,7.0000,9.8000,0.6000
A2C,wildlife_a2c_435000_steps.zip,435000,models/a2c/wildlife_a2c_435000_steps.zip,2111.6994,978.1841,719.7290,3559.8586,0.0000,6.0000,19.6000,0.0000
A2C,wildlife_a2c_440000_steps.zip,440000,models/a2c/wildlife_a2c_440000_steps.zip,1647.8989,953.1048,-54.9240,2598.2704,0.0000,6.2000,11.6000,13.6000
A2C,wildlife_a2c_445000_steps.zip,445000,models/a2c/wildlife_a2c_445000_steps.zip,1190.0558,1575.5530,-72.4422,3699.9000,0.0000,6.6000,12.6000,0.6000
A2C,wildlife_a2c_450000_steps.zip,450000,models/a2c/wildlife_a2c_450000_steps.zip,876.9523,1058.8510,-55.8960,2611.9044,0.8000,6.6000,14.2000,1.4000
A2C,wildlife_a2c_455000_steps.zip,455000,models/a2c/wildlife_a2c_455000_steps.zip,1574.5770,1672.0505,-5.5354,3699.9000,0.0000,7.2000,15.4000,34.8000
A2C,wildlife_a2c_460000_steps.zip,460000,models/a2c/wildlife_a2c_460000_steps.zip,634.4008,692.0853,-66.7328,1801.3684,0.0000,7.0000,13.0000,27.6000
A2C,wildlife_a2c_465000_steps.zip,465000,models/a2c/wildlife_a2c_465000_steps.zip,1259.3109,1314.8460,-90.5018,3210.4856,0.0000,7.8000,12.4000,9.0000
A2C,wildlife_a2c_470000_steps.zip,470000,models/a2c/wildlife_a2c_470000_steps.zip,1176.7644,1009.2189,-48.3354,3011.5536,0.0000,9.6000,10.4000,3.0000
A2C,wildlife_a2c_475000_steps.zip,475000,models/a2c/wildlife_a2c_475000_steps.zip,54.0154,26.0495,23.2844,88.5074,3.2000,6.2000,13.6000,0.0000
A2C,wildlife_a2c_480000_steps.zip,480000,models/a2c/wildlife_a2c_480000_steps.zip,1894.6972,1630.2668,-79.2042,3671.5364,0.0000,10.6000,8.6000,0.4000
A2C,wildlife_a2c_485000_steps.zip,485000,models/a2c/wildlife_a2c_485000_steps.zip,1926.8249,1268.8958,-56.9670,3439.5970,0.0000,4.6000,12.2000,0.0000
A2C,wildlife_a2c_490000_steps.zip,490000,models/a2c/wildlife_a2c_490000_steps.zip,1451.6620,1944.5907,-79.5702,4646.7200,0.4000,8.2000,14.2000,2.0000
A2C,wildlife_a2c_495000_steps.zip,495000,models/a2c/wildlife_a2c_495000_steps.zip,1715.5705,1407.9783,213.7586,3699.9000,0.0000,11.2000,24.8000,111.8000
A2C,wildlife_a2c_500000_steps.zip,500000,models/a2c/wildlife_a2c_500000_steps.zip,848.4998,977.6461,-32.9518,2643.4450,0.6000,7.6000,16.4000,27.2000
A2C,wildlife_a2c_505000_steps.zip,505000,models/a2c/wildlife_a2c_505000_steps.zip,845.9332,1150.2519,-51.8518,2734.5278,0.0000,9.0000,11.2000,7.4000
A2C,wildlife_a2c_510000_steps.zip,510000,models/a2c/wildlife_a2c_510000_steps.zip,362.0309,600.9837,-90.5332,1443.1850,0.0000,10.2000,11.8000,36.4000
A2C,wildlife_a2c_515000_steps.zip,515000,models/a2c/wildlife_a2c_515000_steps.zip,1157.1940,1423.9472,-52.0826,3699.9000,0.0000,6.8000,13.0000,3.8000
A2C,wildlife_a2c_520000_steps.zip,520000,models/a2c/wildlife_a2c_520000_steps.zip,1288.7130,953.9910,-41.3834,2700.3340,0.0000,7.0000,12.4000,33.4000
A2C,wildlife_a2c_525000_steps.zip,525000,models/a2c/wildlife_a2c_525000_steps.zip,889.0575,1248.1646,-82.6136,3018.2040,0.0000,8.6000,12.4000,2.0000
A2C,wildlife_a2c_530000_steps.zip,530000,models/a2c/wildlife_a2c_530000_steps.zip,353.2038,629.7064,-71.5644,1556.3216,0.0000,7.0000,15.2000,37.4000
A2C,wildlife_a2c_535000_steps.zip,535000,models/a2c/wildlife_a2c_535000_steps.zip,1875.2344,1483.3534,385.0510,3699.9000,0.0000,4.2000,13.6000,0.2000
A2C,wildlife_a2c_540000_steps.zip,540000,models/a2c/wildlife_a2c_540000_steps.zip,236.3837,513.0436,-56.8824,1260.8658,0.6000,8.6000,21.0000,2.2000
A2C,wildlife_a2c_545000_steps.zip,545000,models/a2c/wildlife_a2c_545000_steps.zip,-60.4082,6.3956,-66.7330,-49.1130,0.0000,5.2000,10.6000,1.0000
A2C,wildlife_a2c_550000_steps.zip,550000,models/a2c/wildlife_a2c_550000_steps.zip,-64.0022,6.8059,-71.5076,-52.6392,0.0000,9.8000,15.0000,0.0000
A2C,wildlife_a2c_555000_steps.zip,555000,models/a2c/wildlife_a2c_555000_steps.zip,-16.9601,12.7036,-32.8592,5.6670,0.6000,7.8000,17.8000,0.0000
A2C,wildlife_a2c_560000_steps.zip,560000,models/a2c/wildlife_a2c_560000_steps.zip,700.5076,885.2053,-73.9286,2045.9144,1.2000,4.2000,11.8000,30.4000
A2C,wildlife_a2c_565000_steps.zip,565000,models/a2c/wildlife_a2c_565000_steps.zip,884.3874,757.2317,10.4200,1971.9590,1.4000,6.8000,15.0000,21.6000
A2C,wildlife_a2c_570000_steps.zip,570000,models/a2c/wildlife_a2c_570000_steps.zip,1114.3486,768.2770,-13.6062,2273.3760,0.2000,4.8000,13.4000,32.2000
A2C,wildlife_a2c_575000_steps.zip,575000,models/a2c/wildlife_a2c_575000_steps.zip,1084.7783,622.5451,34.1772,1746.0092,0.0000,6.2000,13.2000,84.4000
A2C,wildlife_a2c_580000_steps.zip,580000,models/a2c/wildlife_a2c_580000_steps.zip,1247.7958,1736.1769,-38.3066,4352.7228,0.2000,7.6000,15.6000,12.8000
A2C,wildlife_a2c_585000_steps.zip,585000,models/a2c/wildlife_a2c_585000_steps.zip,56.0094,181.3559,-50.0218,417.3700,0.2000,9.0000,18.2000,0.0000
A2C,wildlife_a2c_590000_steps.zip,590000,models/a2c/wildlife_a2c_590000_steps.zip,1633.1584,886.2488,75.5170,2553.6232,0.8000,6.0000,11.0000,0.2000
A2C,wildlife_a2c_595000_steps.zip,595000,models/a2c/wildlife_a2c_595000_steps.zip,2430.3179,1404.7904,-54.7330,3672.7492,0.0000,4.4000,10.0000,0.2000
A2C,wildlife_a2c_600000_steps.zip,600000,models/a2c/wildlife_a2c_600000_steps.zip,1224.9780,1603.4984,-54.1512,3699.9000,0.0000,8.2000,11.6000,0.6000
A2C,wildlife_a2c_605000_steps.zip,605000,models/a2c/wildlife_a2c_605000_steps.zip,2057.7225,1529.5958,-50.1250,3741.4398,0.0000,7.2000,6.2000,5.0000
A2C,wildlife_a2c_610000_steps.zip,610000,models/a2c/wildlife_a2c_610000_steps.zip,371.7475,882.5133,-91.6884,2136.6240,0.0000,6.8000,13.6000,6.2000
A2C,wildlife_a2c_615000_steps.zip,615000,models/a2c/wildlife_a2c_615000_steps.zip,1534.6073,1646.7009,-66.9034,4048.2098,0.0000,5.6000,13.8000,9.6000
A2C,wildlife_a2c_620000_steps.zip,620000,models/a2c/wildlife_a2c_620000_steps.zip,2271.4925,1465.1531,-64.3882,3790.7356,0.0000,6.4000,12.2000,19.2000
A2C,wildlife_a2c_625000_steps.zip,625000,models/a2c/wildlife_a2c_625000_steps.zip,2014.6894,733.2718,1443.7906,3445.0896,0.0000,8.0000,28.4000,0.0000
A2C,wildlife_a2c_630000_steps.zip,630000,models/a2c/wildlife_a2c_630000_steps.zip,978.9834,1149.8029,-55.6978,3069.8080,0.0000,6.6000,27.4000,1.0000
A2C,wildlife_a2c_635000_steps.zip,635000,models/a2c/wildlife_a2c_635000_steps.zip,1022.9331,1071.9901,-53.7184,2851.4434,0.0000,5.0000,16.2000,5.6000
A2C,wildlife_a2c_640000_steps.zip,640000,models/a2c/wildlife_a2c_640000_steps.zip,561.1510,1207.8082,-63.7332,2976.5068,0.8000,6.2000,14.8000,7.2000
A2C,wildlife_a2c_645000_steps.zip,645000,models/a2c/wildlife_a2c_645000_steps.zip,1967.0758,1284.4192,-125.8218,3279.9000,0.0000,5.0000,4.2000,37.6000
A2C,wildlife_a2c_650000_steps.zip,650000,models/a2c/wildlife_a2c_650000_steps.zip,1523.9338,639.2077,649.9894,2203.0530,0.0000,3.8000,13.0000,2.4000
A2C,wildlife_a2c_655000_steps.zip,655000,models/a2c/wildlife_a2c_655000_steps.zip,1581.8276,768.1721,163.0996,2255.2598,0.4000,5.6000,14.2000,8.4000
A2C,wildlife_a2c_660000_steps.zip,660000,models/a2c/wildlife_a2c_660000_steps.zip,-34.9910,36.4072,-79.7920,18.9284,0.8000,7.2000,29.0000,1.0000
A2C,wildlife_a2c_665000_steps.zip,665000,models/a2c/wildlife_a2c_665000_steps.zip,1107.7883,1388.4890,-52.7332,3666.0230,0.4000,6.4000,23.4000,19.2000
A2C,wildlife_a2c_670000_steps.zip,670000,models/a2c/wildlife_a2c_670000_steps.zip,1032.1450,1308.1237,-42.1248,3259.7814,0.0000,6.4000,20.0000,26.0000
A2C,wildlife_a2c_675000_steps.zip,675000,models/a2c/wildlife_a2c_675000_steps.zip,1685.5530,961.6299,-53.9670,2727.1842,0.0000,5.4000,15.6000,0.0000
A2C,wildlife_a2c_680000_steps.zip,680000,models/a2c/wildlife_a2c_680000_steps.zip,1939.7778,1239.9668,40.1440,3613.2238,0.0000,6.2000,15.8000,3.2000
A2C,wildlife_a2c_685000_steps.zip,685000,models/a2c/wildlife_a2c_685000_steps.zip,710.0122,736.6898,-47.0954,1968.9570,0.0000,7.2000,16.2000,54.6000
A2C,wildlife_a2c_690000_steps.zip,690000,models/a2c/wildlife_a2c_690000_steps.zip,354.8785,805.5174,-65.2800,1965.7950,0.0000,9.8000,23.6000,0.8000
A2C,wildlife_a2c_695000_steps.zip,695000,models/a2c/wildlife_a2c_695000_steps.zip,1803.4336,1295.2365,-58.1468,3216.4610,0.0000,4.4000,18.0000,17.0000
A2C,wildlife_a2c_700000_steps.zip,700000,models/a2c/wildlife_a2c_700000_steps.zip,1301.0832,1648.6715,-56.0108,3456.3276,0.0000,8.4000,15.0000,2.4000
A2C,wildlife_a2c_705000_steps.zip,705000,models/a2c/wildlife_a2c_705000_steps.zip,1820.3364,930.1400,775.7666,3510.4222,0.0000,6.6000,15.4000,31.0000
A2C,wildlife_a2c_710000_steps.zip,710000,models/a2c/wildlife_a2c_710000_steps.zip,-44.8366,14.6617,-57.0192,-16.1134,0.2000,7.4000,12.4000,1.0000
A2C,wildlife_a2c_715000_steps.zip,715000,models/a2c/wildlife_a2c_715000_steps.zip,1832.0190,1621.6420,-48.7816,3664.3770,0.0000,6.2000,16.6000,0.4000
A2C,wildlife_a2c_720000_steps.zip,720000,models/a2c/wildlife_a2c_720000_steps.zip,1678.2316,1477.5366,-74.7764,3623.9524,0.2000,8.2000,23.6000,2.2000
A2C,wildlife_a2c_725000_steps.zip,725000,models/a2c/wildlife_a2c_725000_steps.zip,583.9406,675.2616,-378.8592,1722.2954,0.0000,6.6000,11.2000,63.6000
A2C,wildlife_a2c_730000_steps.zip,730000,models/a2c/wildlife_a2c_730000_steps.zip,1279.5220,1607.0826,-60.8584,3699.9000,0.8000,7.4000,18.8000,9.0000
A2C,wildlife_a2c_735000_steps.zip,735000,models/a2c/wildlife_a2c_735000_steps.zip,-75.7571,4.5808,-82.7516,-70.7042,0.0000,9.6000,39.4000,1.0000
A2C,wildlife_a2c_740000_steps.zip,740000,models/a2c/wildlife_a2c_740000_steps.zip,1110.0835,1445.8779,-62.7328,3150.1688,0.0000,5.0000,9.6000,11.8000
A2C,wildlife_a2c_745000_steps.zip,745000,models/a2c/wildlife_a2c_745000_steps.zip,2552.9941,1376.5268,-34.9132,3699.9000,0.0000,4.2000,11.0000,12.0000
A2C,wildlife_a2c_750000_steps.zip,750000,models/a2c/wildlife_a2c_750000_steps.zip,192.9712,367.8424,-48.5228,922.9034,1.2000,8.2000,19.6000,4.4000
A2C,wildlife_a2c_755000_steps.zip,755000,models/a2c/wildlife_a2c_755000_steps.zip,305.6047,707.6728,-60.5930,1720.8710,0.0000,9.8000,26.2000,3.0000
A2C,wildlife_a2c_760000_steps.zip,760000,models/a2c/wildlife_a2c_760000_steps.zip,1522.9272,1423.1722,-62.7906,3645.3018,0.0000,5.8000,10.2000,1.6000
A2C,wildlife_a2c_765000_steps.zip,765000,models/a2c/wildlife_a2c_765000_steps.zip,1118.6696,1155.8291,-75.5588,2951.1734,0.0000,6.8000,13.8000,0.2000
A2C,wildlife_a2c_770000_steps.zip,770000,models/a2c/wildlife_a2c_770000_steps.zip,392.6019,750.2821,-50.2708,1883.1022,0.0000,8.6000,20.4000,1.6000
A2C,wildlife_a2c_775000_steps.zip,775000,models/a2c/wildlife_a2c_775000_steps.zip,1024.5485,1461.4959,-90.0038,3699.9000,0.8000,6.8000,15.2000,2.8000
A2C,wildlife_a2c_780000_steps.zip,780000,models/a2c/wildlife_a2c_780000_steps.zip,818.7819,889.3859,-68.6628,1947.7964,0.0000,12.0000,18.0000,28.8000
A2C,wildlife_a2c_785000_steps.zip,785000,models/a2c/wildlife_a2c_785000_steps.zip,1260.3956,816.6327,-49.7332,2048.3510,0.0000,7.0000,19.2000,16.4000
A2C,wildlife_a2c_790000_steps.zip,790000,models/a2c/wildlife_a2c_790000_steps.zip,-81.7830,12.1332,-100.1202,-62.7332,0.0000,9.8000,14.6000,1.0000
A2C,wildlife_a2c_795000_steps.zip,795000,models/a2c/wildlife_a2c_795000_steps.zip,2093.4674,1769.6909,-61.2420,3804.3340,0.2000,9.2000,10.8000,21.4000
A2C,wildlife_a2c_800000_steps.zip,800000,models/a2c/wildlife_a2c_800000_steps.zip,973.9583,1838.9578,-20.8880,4650.4198,2.6000,7.2000,22.8000,2.8000
A2C,wildlife_a2c_805000_steps.zip,805000,models/a2c/wildlife_a2c_805000_steps.zip,1453.3098,1834.4950,-70.9430,3699.9000,0.4000,6.0000,10.2000,0.6000
A2C,wildlife_a2c_810000_steps.zip,810000,models/a2c/wildlife_a2c_810000_steps.zip,1277.1092,1275.9912,-75.8762,2981.3426,0.0000,7.4000,16.8000,0.4000
A2C,wildlife_a2c_815000_steps.zip,815000,models/a2c/wildlife_a2c_815000_steps.zip,313.5411,793.8607,-96.7688,1901.0528,0.0000,8.0000,12.8000,1.6000
A2C,wildlife_a2c_820000_steps.zip,820000,models/a2c/wildlife_a2c_820000_steps.zip,1633.1245,1210.2344,65.2552,3276.7396,0.6000,8.2000,22.0000,28.2000
A2C,wildlife_a2c_825000_steps.zip,825000,models/a2c/wildlife_a2c_825000_steps.zip,614.4837,995.8798,-51.4452,2521.2998,0.0000,11.4000,12.8000,2.6000
A2C,wildlife_a2c_830000_steps.zip,830000,models/a2c/wildlife_a2c_830000_steps.zip,1559.1921,757.6112,86.3966,2133.0106,0.8000,7.6000,18.6000,29.0000
A2C,wildlife_a2c_835000_steps.zip,835000,models/a2c/wildlife_a2c_835000_steps.zip,2935.0601,1530.5957,434.8114,4964.9704,0.2000,7.2000,12.4000,9.4000
A2C,wildlife_a2c_840000_steps.zip,840000,models/a2c/wildlife_a2c_840000_steps.zip,545.4617,1039.0966,-15.4744,2622.4080,2.4000,7.2000,12.0000,0.8000
A2C,wildlife_a2c_845000_steps.zip,845000,models/a2c/wildlife_a2c_845000_steps.zip,2444.0620,2012.8573,54.3198,4867.1908,1.6000,10.0000,18.0000,16.6000
A2C,wildlife_a2c_850000_steps.zip,850000,models/a2c/wildlife_a2c_850000_steps.zip,1115.5937,1471.6854,-60.4678,3699.9000,1.2000,9.4000,14.0000,16.8000
A2C,wildlife_a2c_855000_steps.zip,855000,models/a2c/wildlife_a2c_855000_steps.zip,1345.0822,834.5663,-33.6086,2553.0358,0.2000,6.6000,23.0000,14.8000
A2C,wildlife_a2c_860000_steps.zip,860000,models/a2c/wildlife_a2c_860000_steps.zip,890.3387,1888.3997,-62.8448,4667.1032,0.0000,10.6000,16.0000,1.2000
A2C,wildlife_a2c_865000_steps.zip,865000,models/a2c/wildlife_a2c_865000_steps.zip,972.0358,1320.3505,-94.4086,3070.0474,0.0000,6.2000,22.2000,9.6000
A2C,wildlife_a2c_870000_steps.zip,870000,models/a2c/wildlife_a2c_870000_steps.zip,874.0913,1834.4847,-49.0108,4543.0530,0.0000,8.8000,15.2000,1.2000
A2C,wildlife_a2c_875000_steps.zip,875000,models/a2c/wildlife_a2c_875000_steps.zip,1210.6997,1488.1008,-60.7252,3090.1860,0.0000,5.6000,12.4000,9.0000
A2C,wildlife_a2c_880000_steps.zip,880000,models/a2c/wildlife_a2c_880000_steps.zip,1535.1158,1367.0461,-69.3278,3220.5500,0.0000,7.8000,17.4000,11.2000
A2C,wildlife_a2c_885000_steps.zip,885000,models/a2c/wildlife_a2c_885000_steps.zip,648.5219,1194.1820,-9.6748,3034.1300,2.2000,5.6000,17.4000,0.8000
A2C,wildlife_a2c_890000_steps.zip,890000,models/a2c/wildlife_a2c_890000_steps.zip,624.8217,1254.7302,-378.3276,3084.6662,0.0000,9.8000,18.4000,39.2000
A2C,wildlife_a2c_895000_steps.zip,895000,models/a2c/wildlife_a2c_895000_steps.zip,2369.8643,1113.5116,950.5234,3844.6288,0.2000,7.8000,26.2000,5.8000
A2C,wildlife_a2c_900000_steps.zip,900000,models/a2c/wildlife_a2c_900000_steps.zip,-68.9229,33.2645,-98.4128,-3.9500,0.2000,7.2000,15.6000,1.0000
A2C,wildlife_a2c_905000_steps.zip,905000,models/a2c/wildlife_a2c_905000_steps.zip,277.5677,632.9500,-72.6438,1542.5152,0.2000,7.6000,18.6000,8.4000
A2C,wildlife_a2c_910000_steps.zip,910000,models/a2c/wildlife_a2c_910000_steps.zip,1913.9412,1214.9626,-76.5914,3699.9000,0.0000,6.6000,12.4000,4.2000
A2C,wildlife_a2c_915000_steps.zip,915000,models/a2c/wildlife_a2c_915000_steps.zip,979.3016,1284.3997,-76.1340,2704.7852,0.0000,7.0000,13.8000,0.6000
A2C,wildlife_a2c_920000_steps.zip,920000,models/a2c/wildlife_a2c_920000_steps.zip,1902.5647,1132.1167,39.7312,3493.5514,0.6000,7.4000,17.2000,18.0000
A2C,wildlife_a2c_925000_steps.zip,925000,models/a2c/wildlife_a2c_925000_steps.zip,1420.4955,975.3520,-43.1964,2514.7358,0.2000,4.2000,9.0000,1.6000
A2C,wildlife_a2c_930000_steps.zip,930000,models/a2c/wildlife_a2c_930000_steps.zip,908.6472,1175.3660,5.2316,2941.1468,1.4000,5.0000,17.4000,0.6000
A2C,wildlife_a2c_935000_steps.zip,935000,models/a2c/wildlife_a2c_935000_steps.zip,972.3827,1338.3562,-72.4472,3227.4220,0.2000,9.0000,20.0000,3.4000
A2C,wildlife_a2c_940000_steps.zip,940000,models/a2c/wildlife_a2c_940000_steps.zip,1215.1731,1603.5808,-82.4162,3617.3784,0.0000,6.8000,26.2000,2.8000
A2C,wildlife_a2c_945000_steps.zip,945000,models/a2c/wildlife_a2c_945000_steps.zip,855.7796,1402.7876,-60.0054,3576.2394,0.2000,7.6000,24.2000,1.6000
A2C,wildlife_a2c_950000_steps.zip,950000,models/a2c/wildlife_a2c_950000_steps.zip,696.5678,1215.9867,-45.9444,3088.1312,0.0000,7.6000,32.0000,1.8000
A2C,wildlife_a2c_955000_steps.zip,955000,models/a2c/wildlife_a2c_955000_steps.zip,2417.7164,1297.4880,-5.8410,3699.9000,0.2000,9.2000,21.2000,26.4000
A2C,wildlife_a2c_960000_steps.zip,960000,models/a2c/wildlife_a2c_960000_steps.zip,853.9992,1135.3696,-60.1082,3033.2882,0.4000,7.4000,19.8000,8.0000
A2C,wildlife_a2c_965000_steps.zip,965000,models/a2c/wildlife_a2c_965000_steps.zip,1461.2906,882.8757,-50.9670,2719.6776,0.0000,6.8000,13.8000,0.0000
A2C,wildlife_a2c_970000_steps.zip,970000,models/a2c/wildlife_a2c_970000_steps.zip,1507.6081,1347.7851,-63.4034,3383.3980,0.2000,5.4000,12.6000,26.0000
A2C,wildlife_a2c_975000_steps.zip,975000,models/a2c/wildlife_a2c_975000_steps.zip,663.2636,1518.7071,-105.0984,3700.6494,0.0000,8.4000,9.2000,0.8000
A2C,wildlife_a2c_980000_steps.zip,980000,models/a2c/wildlife_a2c_980000_steps.zip,716.9809,1491.5423,-48.3692,3699.9000,0.4000,9.4000,17.6000,0.8000
A2C,wildlife_a2c_985000_steps.zip,985000,models/a2c/wildlife_a2c_985000_steps.zip,922.5716,881.2575,-43.9800,2280.5032,0.2000,8.2000,23.4000,28.4000
A2C,wildlife_a2c_990000_steps.zip,990000,models/a2c/wildlife_a2c_990000_steps.zip,1140.8559,1230.5984,-51.0954,3229.6970,0.0000,8.0000,15.4000,3.2000
A2C,wildlife_a2c_995000_steps.zip,995000,models/a2c/wildlife_a2c_995000_steps.zip,1014.9556,856.3121,-4.7682,2168.0080,0.0000,9.4000,21.2000,48.4000
A2C,wildlife_a2c_1000000_steps.zip,1000000,models/a2c/wildlife_a2c_1000000_steps.zip,915.9244,1068.1463,-78.6072,2229.9444,0.0000,7.2000,19.4000,8.4000
A2C,wildlife_a2c_final.zip,1000000000,models/a2c/wildlife_a2c_final.zip,2219.1189,2161.3370,-107.1744,4959.4130,0.0000,9.4000,10.2000,7.2000
DQN,wildlife_dqn_5000_steps.zip,5000,models/dqn/wildlife_dqn_5000_steps.zip,-60.1084,4.5307,-64.9670,-51.6776,0.0000,6.2000,4.0000,0.0000
DQN,wildlife_dqn_10000_steps.zip,10000,models/dqn/wildlife_dqn_10000_steps.zip,-47.2572,9.1387,-59.4614,-32.4154,0.0000,7.0000,10.8000,0.0000
DQN,wildlife_dqn_15000_steps.zip,15000,models/dqn/wildlife_dqn_15000_steps.zip,15.4714,67.8178,-49.9670,138.8290,1.8000,2.8000,17.2000,0.0000
DQN,wildlife_dqn_20000_steps.zip,20000,models/dqn/wildlife_dqn_20000_steps.zip,840.2228,985.5915,-40.9038,2245.8852,1.0000,5.0000,9.8000,12.4000
DQN,wildlife_dqn_25000_steps.zip,25000,models/dqn/wildlife_dqn_25000_steps.zip,1290.1562,1241.5483,-990.4166,2363.2220,0.0000,5.2000,20.4000,40.4000
DQN,wildlife_dqn_30000_steps.zip,30000,models/dqn/wildlife_dqn_30000_steps.zip,-312.4598,997.6789,-1168.6270,1466.5886,0.0000,5.2000,11.8000,141.6000
DQN,wildlife_dqn_35000_steps.zip,35000,models/dqn/wildlife_dqn_35000_steps.zip,10.5016,1911.0006,-1418.8726,3699.9000,0.0000,6.4000,12.0000,157.2000
DQN,wildlife_dqn_40000_steps.zip,40000,models/dqn/wildlife_dqn_40000_steps.zip,666.3910,525.9595,-211.9440,1436.7404,0.0000,7.6000,13.4000,110.2000
DQN,wildlife_dqn_45000_steps.zip,45000,models/dqn/wildlife_dqn_45000_steps.zip,-163.9611,882.5649,-1125.6280,1149.9056,0.0000,6.4000,6.4000,112.0000
DQN,wildlife_dqn_50000_steps.zip,50000,models/dqn/wildlife_dqn_50000_steps.zip,1966.6422,1033.2754,299.8038,3194.3972,0.0000,5.0000,13.6000,17.0000
DQN,wildlife_dqn_55000_steps.zip,55000,models/dqn/wildlife_dqn_55000_steps.zip,1656.9593,691.8134,335.1438,2265.4692,0.0000,5.0000,18.6000,12.8000
DQN,wildlife_dqn_60000_steps.zip,60000,models/dqn/wildlife_dqn_60000_steps.zip,1407.5014,758.2400,84.7026,2182.3356,0.0000,5.8000,14.0000,35.8000
DQN,wildlife_dqn_65000_steps.zip,65000,models/dqn/wildlife_dqn_65000_steps.zip,1066.3868,1005.4327,-565.7674,2134.9014,0.0000,6.4000,17.2000,70.6000
DQN,wildlife_dqn_70000_steps.zip,70000,models/dqn/wildlife_dqn_70000_steps.zip,-344.4142,678.6557,-1274.0972,310.6246,0.0000,5.2000,10.2000,144.4000
DQN,wildlife_dqn_75000_steps.zip,75000,models/dqn/wildlife_dqn_75000_steps.zip,1910.3345,1139.8365,78.2304,3659.4230,0.0000,5.6000,14.6000,21.2000
DQN,wildlife_dqn_80000_steps.zip,80000,models/dqn/wildlife_dqn_80000_steps.zip,1756.0742,1840.2431,100.0994,5154.2132,0.0000,7.0000,16.4000,21.6000
DQN,wildlife_dqn_85000_steps.zip,85000,models/dqn/wildlife_dqn_85000_steps.zip,999.9411,1418.1844,-66.7318,3652.0556,0.0000,6.2000,19.2000,27.4000
DQN,wildlife_dqn_90000_steps.zip,90000,models/dqn/wildlife_dqn_90000_steps.zip,2181.6510,1736.3498,-14.1192,3699.9000,0.0000,8.2000,12.8000,29.6000
DQN,wildlife_dqn_95000_steps.zip,95000,models/dqn/wildlife_dqn_95000_steps.zip,2544.9348,693.2467,1792.5348,3532.8218,0.0000,9.0000,14.4000,25.0000
DQN,wildlife_dqn_100000_steps.zip,100000,models/dqn/wildlife_dqn_100000_steps.zip,2943.5048,1117.4984,748.7860,3699.9000,0.0000,6.8000,16.0000,24.0000
DQN,wildlife_dqn_105000_steps.zip,105000,models/dqn/wildlife_dqn_105000_steps.zip,537.7291,1005.4083,-667.4760,1750.6738,0.0000,7.2000,16.6000,33.8000
DQN,wildlife_dqn_110000_steps.zip,110000,models/dqn/wildlife_dqn_110000_steps.zip,1836.9782,1281.2813,-65.1628,3637.6000,0.0000,5.4000,17.2000,19.6000
DQN,wildlife_dqn_115000_steps.zip,115000,models/dqn/wildlife_dqn_115000_steps.zip,2375.7366,1111.9110,934.2998,3508.9514,0.0000,7.8000,16.8000,23.6000
DQN,wildlife_dqn_120000_steps.zip,120000,models/dqn/wildlife_dqn_120000_steps.zip,2304.4028,1238.9074,-39.1646,3580.3834,0.0000,5.0000,10.2000,19.0000
DQN,wildlife_dqn_125000_steps.zip,125000,models/dqn/wildlife_dqn_125000_steps.zip,1124.9625,760.1829,-52.7328,2111.2108,0.0000,6.6000,19.8000,42.4000
DQN,wildlife_dqn_130000_steps.zip,130000,models/dqn/wildlife_dqn_130000_steps.zip,1321.6659,1288.8729,-60.7332,3585.0084,0.0000,4.8000,10.8000,8.4000
DQN,wildlife_dqn_135000_steps.zip,135000,models/dqn/wildlife_dqn_135000_steps.zip,2387.5974,980.9022,1319.0442,3840.9704,0.0000,9.8000,22.4000,44.2000
DQN,wildlife_dqn_140000_steps.zip,140000,models/dqn/wildlife_dqn_140000_steps.zip,2653.0907,989.0003,1121.8160,3699.9000,0.0000,6.0000,21.0000,49.2000
DQN,wildlife_dqn_145000_steps.zip,145000,models/dqn/wildlife_dqn_145000_steps.zip,675.9771,610.7213,-64.2384,1298.4728,0.0000,7.2000,29.4000,57.4000
DQN,wildlife_dqn_150000_steps.zip,150000,models/dqn/wildlife_dqn_150000_steps.zip,1245.5032,1172.0870,-24.9716,3219.3284,0.0000,5.6000,25.0000,32.8000
DQN,wildlife_dqn_155000_steps.zip,155000,models/dqn/wildlife_dqn_155000_steps.zip,1018.8516,877.1614,-44.5882,2373.5538,0.0000,7.0000,20.6000,15.6000
DQN,wildlife_dqn_160000_steps.zip,160000,models/dqn/wildlife_dqn_160000_steps.zip,1778.5204,729.6768,782.5354,2872.7786,0.0000,7.2000,28.6000,15.2000
DQN,wildlife_dqn_165000_steps.zip,165000,models/dqn/wildlife_dqn_165000_steps.zip,1191.1415,665.3512,451.1960,2219.9178,0.0000,8.4000,20.2000,50.0000
DQN,wildlife_dqn_170000_steps.zip,170000,models/dqn/wildlife_dqn_170000_steps.zip,917.5154,560.7342,-62.0478,1422.2768,0.0000,8.0000,15.8000,65.2000
DQN,wildlife_dqn_175000_steps.zip,175000,models/dqn/wildlife_dqn_175000_steps.zip,2381.6395,1129.6623,634.7712,3860.1546,0.0000,5.8000,9.6000,28.2000
DQN,wildlife_dqn_180000_steps.zip,180000,models/dqn/wildlife_dqn_180000_steps.zip,2101.0633,1237.0575,217.7320,3699.9000,0.0000,5.2000,12.6000,4.6000
DQN,wildlife_dqn_185000_steps.zip,185000,models/dqn/wildlife_dqn_185000_steps.zip,1724.3037,1091.7462,674.6874,3699.9000,0.0000,6.8000,20.0000,37.2000
DQN,wildlife_dqn_190000_steps.zip,190000,models/dqn/wildlife_dqn_190000_steps.zip,1597.7524,940.5690,-59.0484,2757.9038,0.0000,8.2000,15.6000,1.0000
DQN,wildlife_dqn_195000_steps.zip,195000,models/dqn/wildlife_dqn_195000_steps.zip,1469.9757,1374.1603,103.1668,3699.9000,0.0000,5.8000,13.8000,13.0000
DQN,wildlife_dqn_200000_steps.zip,200000,models/dqn/wildlife_dqn_200000_steps.zip,808.9271,1043.9963,-971.4746,2151.2424,0.0000,7.4000,24.2000,82.4000
DQN,wildlife_dqn_205000_steps.zip,205000,models/dqn/wildlife_dqn_205000_steps.zip,2888.6236,1270.5359,1231.1362,4866.2462,0.0000,7.6000,20.0000,29.2000
DQN,wildlife_dqn_210000_steps.zip,210000,models/dqn/wildlife_dqn_210000_steps.zip,1128.7497,1313.4341,-231.4758,3212.9122,0.0000,8.4000,19.2000,40.4000
DQN,wildlife_dqn_215000_steps.zip,215000,models/dqn/wildlife_dqn_215000_steps.zip,2799.8084,1091.0227,921.2824,3699.9000,0.0000,4.6000,9.6000,2.6000
DQN,wildlife_dqn_220000_steps.zip,220000,models/dqn/wildlife_dqn_220000_steps.zip,2031.4821,931.4334,987.9744,3699.9000,0.0000,5.4000,15.0000,7.2000
DQN,wildlife_dqn_225000_steps.zip,225000,models/dqn/wildlife_dqn_225000_steps.zip,1935.9129,1129.7050,665.6850,3533.0600,0.0000,9.2000,26.8000,19.2000
DQN,wildlife_dqn_230000_steps.zip,230000,models/dqn/wildlife_dqn_230000_steps.zip,1204.5737,870.3795,58.2632,2447.8628,0.0000,5.0000,33.0000,2.2000
DQN,wildlife_dqn_235000_steps.zip,235000,models/dqn/wildlife_dqn_235000_steps.zip,1658.7081,715.1810,792.1374,2772.7498,0.0000,6.2000,15.2000,15.0000
DQN,wildlife_dqn_240000_steps.zip,240000,models/dqn/wildlife_dqn_240000_steps.zip,2312.9742,1594.5280,-68.7332,4200.6182,0.0000,5.4000,9.6000,31.4000
DQN,wildlife_dqn_245000_steps.zip,245000,models/dqn/wildlife_dqn_245000_steps.zip,1429.2766,1408.4921,-68.7330,3658.6396,0.0000,6.0000,11.2000,6.6000
DQN,wildlife_dqn_250000_steps.zip,250000,models/dqn/wildlife_dqn_250000_steps.zip,1994.3966,744.4974,934.7658,3030.3708,0.0000,9.2000,19.4000,52.4000
DQN,wildlife_dqn_255000_steps.zip,255000,models/dqn/wildlife_dqn_255000_steps.zip,193.6886,453.4373,-67.7326,1098.4572,0.0000,5.6000,18.2000,53.0000
DQN,wildlife_dqn_260000_steps.zip,260000,models/dqn/wildlife_dqn_260000_steps.zip,2066.2355,1385.2224,128.1496,3699.9000,0.0000,4.0000,12.8000,0.4000
DQN,wildlife_dqn_265000_steps.zip,265000,models/dqn/wildlife_dqn_265000_steps.zip,1557.3606,1074.7530,271.3412,3264.0164,0.0000,7.6000,13.4000,50.6000
DQN,wildlife_dqn_270000_steps.zip,270000,models/dqn/wildlife_dqn_270000_steps.zip,1629.0762,1248.9723,-56.6642,3267.5188,0.0000,7.0000,19.0000,25.8000
DQN,wildlife_dqn_275000_steps.zip,275000,models/dqn/wildlife_dqn_275000_steps.zip,1954.3266,1525.5320,78.2310,3694.6584,0.0000,10.0000,15.4000,25.6000
DQN,wildlife_dqn_280000_steps.zip,280000,models/dqn/wildlife_dqn_280000_steps.zip,1602.5398,1021.9230,838.3648,3573.9000,0.0000,5.4000,11.8000,20.0000
DQN,wildlife_dqn_285000_steps.zip,285000,models/dqn/wildlife_dqn_285000_steps.zip,2039.4246,950.3253,1124.5082,3658.5476,0.0000,5.8000,19.4000,23.0000
DQN,wildlife_dqn_290000_steps.zip,290000,models/dqn/wildlife_dqn_290000_steps.zip,1932.6926,1215.5622,631.3242,3517.4624,0.0000,9.0000,13.8000,21.4000
DQN,wildlife_dqn_295000_steps.zip,295000,models/dqn/wildlife_dqn_295000_steps.zip,2644.6131,1345.6436,46.9606,3699.9000,0.0000,7.6000,6.8000,0.8000
DQN,wildlife_dqn_300000_steps.zip,300000,models/dqn/wildlife_dqn_300000_steps.zip,2198.6720,1555.0454,-61.2828,4411.8776,0.0000,8.6000,25.2000,9.6000
DQN,wildlife_dqn_305000_steps.zip,305000,models/dqn/wildlife_dqn_305000_steps.zip,2735.0190,616.1209,1752.1022,3662.1954,0.0000,9.4000,13.0000,41.4000
DQN,wildlife_dqn_310000_steps.zip,310000,models/dqn/wildlife_dqn_310000_steps.zip,2972.3302,1779.0828,587.3104,5454.5356,0.0000,9.2000,9.6000,23.4000
DQN,wildlife_dqn_315000_steps.zip,315000,models/dqn/wildlife_dqn_315000_steps.zip,1936.1292,1188.4464,600.5758,3921.3588,0.0000,10.4000,16.6000,31.4000
DQN,wildlife_dqn_320000_steps.zip,320000,models/dqn/wildlife_dqn_320000_steps.zip,2635.0352,1473.4730,-70.4946,4032.0734,0.0000,8.0000,11.4000,18.6000
DQN,wildlife_dqn_325000_steps.zip,325000,models/dqn/wildlife_dqn_325000_steps.zip,2899.0286,1053.7397,1413.7654,3984.8792,0.0000,7.8000,13.4000,34.6000
DQN,wildlife_dqn_330000_steps.zip,330000,models/dqn/wildlife_dqn_330000_steps.zip,2040.8529,1429.2648,-642.7140,3511.4300,0.0000,6.8000,15.8000,62.0000
DQN,wildlife_dqn_335000_steps.zip,335000,models/dqn/wildlife_dqn_335000_steps.zip,1414.9496,1409.8724,-79.7576,3120.5024,0.0000,8.8000,24.8000,79.6000
DQN,wildlife_dqn_340000_steps.zip,340000,models/dqn/wildlife_dqn_340000_steps.zip,1818.4865,1170.1548,417.7210,3644.6014,0.0000,8.8000,21.0000,40.0000
DQN,wildlife_dqn_345000_steps.zip,345000,models/dqn/wildlife_dqn_345000_steps.zip,2744.5533,1090.6230,876.1380,3943.9378,0.0000,10.8000,18.2000,11.2000
DQN,wildlife_dqn_350000_steps.zip,350000,models/dqn/wildlife_dqn_350000_steps.zip,1363.1613,1058.5042,-32.9992,2973.6878,0.0000,8.6000,29.0000,54.2000
DQN,wildlife_dqn_355000_steps.zip,355000,models/dqn/wildlife_dqn_355000_steps.zip,3152.8390,572.6116,2180.5648,3765.5672,0.0000,5.4000,12.8000,10.8000
DQN,wildlife_dqn_360000_steps.zip,360000,models/dqn/wildlife_dqn_360000_steps.zip,2940.3490,577.9511,2222.9266,3637.7984,0.0000,5.8000,12.2000,0.8000
DQN,wildlife_dqn_365000_steps.zip,365000,models/dqn/wildlife_dqn_365000_steps.zip,1848.0084,1720.6911,9.0094,4110.7444,0.0000,7.6000,18.4000,19.0000
DQN,wildlife_dqn_370000_steps.zip,370000,models/dqn/wildlife_dqn_370000_steps.zip,2336.7877,821.3800,878.2734,3250.6168,0.0000,8.0000,16.8000,21.4000
DQN,wildlife_dqn_375000_steps.zip,375000,models/dqn/wildlife_dqn_375000_steps.zip,2940.6581,1326.4337,927.9822,4995.2166,0.0000,10.0000,18.4000,6.4000
DQN,wildlife_dqn_380000_steps.zip,380000,models/dqn/wildlife_dqn_380000_steps.zip,2415.3700,1281.3626,818.5416,4752.6240,0.0000,8.2000,23.0000,2.6000
DQN,wildlife_dqn_385000_steps.zip,385000,models/dqn/wildlife_dqn_385000_steps.zip,3245.0960,371.4581,2565.4480,3699.9000,0.0000,9.0000,7.0000,4.2000
DQN,wildlife_dqn_390000_steps.zip,390000,models/dqn/wildlife_dqn_390000_steps.zip,2173.8995,884.0621,561.5634,2943.8532,0.0000,7.8000,13.2000,46.4000
DQN,wildlife_dqn_395000_steps.zip,395000,models/dqn/wildlife_dqn_395000_steps.zip,2350.0271,1154.6803,386.0832,3494.8944,0.0000,8.8000,11.0000,7.6000
DQN,wildlife_dqn_400000_steps.zip,400000,models/dqn/wildlife_dqn_400000_steps.zip,2657.6197,1051.8659,1074.0018,4062.3078,0.0000,7.2000,21.2000,1.2000
DQN,wildlife_dqn_405000_steps.zip,405000,models/dqn/wildlife_dqn_405000_steps.zip,2564.5043,1591.4054,435.8148,4443.8164,0.0000,7.6000,13.0000,13.6000
DQN,wildlife_dqn_410000_steps.zip,410000,models/dqn/wildlife_dqn_410000_steps.zip,1994.9921,1170.4591,330.0164,3699.2874,0.0000,7.2000,18.6000,25.6000
DQN,wildlife_dqn_415000_steps.zip,415000,models/dqn/wildlife_dqn_415000_steps.zip,2227.9337,1465.9686,459.4378,4569.6100,0.0000,10.6000,12.2000,31.4000
DQN,wildlife_dqn_420000_steps.zip,420000,models/dqn/wildlife_dqn_420000_steps.zip,2293.2255,618.6739,1535.5236,2920.8852,0.0000,8.6000,17.4000,16.8000
DQN,wildlife_dqn_425000_steps.zip,425000,models/dqn/wildlife_dqn_425000_steps.zip,2384.6152,1389.4473,-54.4026,4222.7726,0.0000,9.0000,20.0000,20.6000
DQN,wildlife_dqn_430000_steps.zip,430000,models/dqn/wildlife_dqn_430000_steps.zip,1387.4077,1680.1218,-1509.9338,3699.9000,0.0000,7.6000,14.6000,49.6000
DQN,wildlife_dqn_435000_steps.zip,435000,models/dqn/wildlife_dqn_435000_steps.zip,1357.1382,876.2090,-81.1662,2430.3466,0.0000,7.0000,10.8000,55.4000
DQN,wildlife_dqn_440000_steps.zip,440000,models/dqn/wildlife_dqn_440000_steps.zip,2368.4298,1261.9755,-47.5106,3535.8954,0.0000,8.2000,17.8000,16.6000
DQN,wildlife_dqn_445000_steps.zip,445000,models/dqn/wildlife_dqn_445000_steps.zip,1983.6246,719.0024,1184.3718,3036.8076,0.0000,6.4000,6.2000,0.2000
DQN,wildlife_dqn_450000_steps.zip,450000,models/dqn/wildlife_dqn_450000_steps.zip,3391.8206,1062.4477,1678.9632,4945.8364,0.0000,7.8000,9.8000,6.8000
DQN,wildlife_dqn_455000_steps.zip,455000,models/dqn/wildlife_dqn_455000_steps.zip,2218.7802,1699.8901,-299.4838,5040.2414,0.0000,7.8000,13.8000,8.8000
DQN,wildlife_dqn_460000_steps.zip,460000,models/dqn/wildlife_dqn_460000_steps.zip,3275.6735,1051.4506,1270.4562,4360.4236,0.0000,7.8000,18.0000,12.2000
DQN,wildlife_dqn_465000_steps.zip,465000,models/dqn/wildlife_dqn_465000_steps.zip,2888.9007,1198.3251,1731.7748,5110.5364,0.0000,10.0000,25.0000,6.0000
DQN,wildlife_dqn_470000_steps.zip,470000,models/dqn/wildlife_dqn_470000_steps.zip,2024.9177,1345.3545,-37.7356,3739.1628,0.0000,6.8000,15.8000,17.2000
DQN,wildlife_dqn_475000_steps.zip,475000,models/dqn/wildlife_dqn_475000_steps.zip,1490.0978,1471.6109,2.3334,3792.2092,0.0000,5.8000,8.0000,16.4000
DQN,wildlife_dqn_480000_steps.zip,480000,models/dqn/wildlife_dqn_480000_steps.zip,2815.8186,1544.7614,392.6720,5252.4034,0.0000,10.4000,13.4000,19.2000
DQN,wildlife_dqn_485000_steps.zip,485000,models/dqn/wildlife_dqn_485000_steps.zip,2726.7372,1673.6217,132.9210,4797.2400,0.0000,6.4000,9.4000,0.6000
DQN,wildlife_dqn_490000_steps.zip,490000,models/dqn/wildlife_dqn_490000_steps.zip,2951.7723,819.3663,1464.7830,3699.9000,0.0000,7.4000,14.0000,0.4000
DQN,wildlife_dqn_495000_steps.zip,495000,models/dqn/wildlife_dqn_495000_steps.zip,1575.9121,1349.0501,-82.9362,2939.9314,0.0000,7.8000,10.8000,0.6000
DQN,wildlife_dqn_500000_steps.zip,500000,models/dqn/wildlife_dqn_500000_steps.zip,2494.2145,972.7641,1008.5666,3503.5930,0.0000,6.4000,15.8000,33.4000
DQN,wildlife_dqn_505000_steps.zip,505000,models/dqn/wildlife_dqn_505000_steps.zip,2456.1585,1422.0396,967.4264,5046.1450,0.0000,8.4000,13.6000,1.6000
DQN,wildlife_dqn_510000_steps.zip,510000,models/dqn/wildlife_dqn_510000_steps.zip,2567.3831,707.2546,1807.6614,3538.5038,0.0000,8.6000,16.2000,1.0000
DQN,wildlife_dqn_515000_steps.zip,515000,models/dqn/wildlife_dqn_515000_steps.zip,2560.7675,1178.1083,437.9030,3672.6418,0.0000,8.2000,10.6000,1.2000
DQN,wildlife_dqn_520000_steps.zip,520000,models/dqn/wildlife_dqn_520000_steps.zip,3176.3853,823.1640,2074.5706,4280.1476,0.0000,7.2000,11.0000,1.0000
DQN,wildlife_dqn_525000_steps.zip,525000,models/dqn/wildlife_dqn_525000_steps.zip,2986.6588,678.5681,1783.8832,3589.8682,0.0000,6.0000,15.4000,1.0000
DQN,wildlife_dqn_530000_steps.zip,530000,models/dqn/wildlife_dqn_530000_steps.zip,2439.1899,1205.0741,1139.7622,3900.1794,0.0000,7.0000,10.2000,2.0000
DQN,wildlife_dqn_535000_steps.zip,535000,models/dqn/wildlife_dqn_535000_steps.zip,3055.0164,1038.1499,1870.5032,4505.2578,0.0000,7.4000,11.8000,22.0000
DQN,wildlife_dqn_540000_steps.zip,540000,models/dqn/wildlife_dqn_540000_steps.zip,2958.9473,1609.5465,987.8860,4380.5074,0.0000,9.6000,7.8000,7.2000
DQN,wildlife_dqn_545000_steps.zip,545000,models/dqn/wildlife_dqn_545000_steps.zip,3010.2470,1050.9005,1286.8482,4422.9426,0.0000,6.4000,9.2000,0.2000
DQN,wildlife_dqn_550000_steps.zip,550000,models/dqn/wildlife_dqn_550000_steps.zip,3250.1783,857.2463,2208.6156,4778.4570,0.0000,8.2000,8.2000,14.6000
DQN,wildlife_dqn_555000_steps.zip,555000,models/dqn/wildlife_dqn_555000_steps.zip,2827.4686,1360.0057,1170.4250,5245.8350,0.0000,10.0000,13.0000,14.8000
DQN,wildlife_dqn_560000_steps.zip,560000,models/dqn/wildlife_dqn_560000_steps.zip,3278.1590,893.6063,1732.6320,4171.6676,0.0000,6.4000,12.4000,25.8000
DQN,wildlife_dqn_565000_steps.zip,565000,models/dqn/wildlife_dqn_565000_steps.zip,2925.8979,1485.8555,1015.2418,5270.2634,0.0000,8.4000,12.8000,5.6000
DQN,wildlife_dqn_570000_steps.zip,570000,models/dqn/wildlife_dqn_570000_steps.zip,1747.4034,2195.3554,-2238.7184,4304.9070,0.0000,10.2000,17.8000,105.8000
DQN,wildlife_dqn_575000_steps.zip,575000,models/dqn/wildlife_dqn_575000_steps.zip,2877.6836,874.3320,1303.7542,3699.9000,0.0000,5.8000,7.4000,6.4000
DQN,wildlife_dqn_580000_steps.zip,580000,models/dqn/wildlife_dqn_580000_steps.zip,2091.8122,1119.4368,499.9802,3419.6092,0.0000,8.0000,14.2000,28.6000
DQN,wildlife_dqn_585000_steps.zip,585000,models/dqn/wildlife_dqn_585000_steps.zip,1643.0822,778.7831,533.5110,2797.2872,0.0000,8.2000,12.2000,39.8000
DQN,wildlife_dqn_590000_steps.zip,590000,models/dqn/wildlife_dqn_590000_steps.zip,2021.4254,811.3721,665.5810,3072.9572,0.0000,9.8000,22.4000,13.0000
DQN,wildlife_dqn_595000_steps.zip,595000,models/dqn/wildlife_dqn_595000_steps.zip,2382.4018,889.3009,1425.8072,3779.7832,0.0000,8.4000,15.0000,7.4000
DQN,wildlife_dqn_600000_steps.zip,600000,models/dqn/wildlife_dqn_600000_steps.zip,2144.9085,1559.4817,-836.4676,3284.1344,0.0000,8.2000,12.6000,50.2000
DQN,wildlife_dqn_605000_steps.zip,605000,models/dqn/wildlife_dqn_605000_steps.zip,2312.2016,1122.3608,1233.0064,3950.5090,0.0000,7.6000,30.0000,13.6000
DQN,wildlife_dqn_610000_steps.zip,610000,models/dqn/wildlife_dqn_610000_steps.zip,1361.2580,985.8686,-446.7762,2369.9516,0.0000,7.8000,14.6000,17.8000
DQN,wildlife_dqn_615000_steps.zip,615000,models/dqn/wildlife_dqn_615000_steps.zip,2935.9505,1171.1991,618.0590,3702.0948,0.0000,6.2000,9.8000,4.0000
DQN,wildlife_dqn_620000_steps.zip,620000,models/dqn/wildlife_dqn_620000_steps.zip,1718.3558,956.8050,574.2350,3396.9992,0.0000,8.4000,17.0000,8.4000
DQN,wildlife_dqn_625000_steps.zip,625000,models/dqn/wildlife_dqn_625000_steps.zip,2471.9891,1436.7402,-66.3894,4384.2422,0.0000,7.0000,22.6000,1.0000
DQN,wildlife_dqn_630000_steps.zip,630000,models/dqn/wildlife_dqn_630000_steps.zip,3126.7502,747.7995,2198.9750,3846.4056,0.0000,5.4000,6.0000,13.0000
DQN,wildlife_dqn_635000_steps.zip,635000,models/dqn/wildlife_dqn_635000_steps.zip,3876.2554,836.1364,3001.3546,5458.0620,0.0000,8.8000,16.4000,10.6000
DQN,wildlife_dqn_640000_steps.zip,640000,models/dqn/wildlife_dqn_640000_steps.zip,2369.6109,1640.8709,226.7328,4675.0584,0.0000,7.8000,19.6000,7.0000
DQN,wildlife_dqn_645000_steps.zip,645000,models/dqn/wildlife_dqn_645000_steps.zip,2507.2808,1484.8353,408.3776,4845.4722,0.0000,8.2000,18.2000,0.0000
DQN,wildlife_dqn_650000_steps.zip,650000,models/dqn/wildlife_dqn_650000_steps.zip,2706.4372,1493.1269,305.5268,4796.8020,0.0000,4.2000,15.8000,17.4000
DQN,wildlife_dqn_655000_steps.zip,655000,models/dqn/wildlife_dqn_655000_steps.zip,2134.0648,1287.0346,717.5604,3988.0866,0.0000,10.4000,11.0000,24.4000
DQN,wildlife_dqn_660000_steps.zip,660000,models/dqn/wildlife_dqn_660000_steps.zip,2576.7458,1404.0861,-33.1972,3699.9000,0.0000,3.8000,8.8000,0.6000
DQN,wildlife_dqn_665000_steps.zip,665000,models/dqn/wildlife_dqn_665000_steps.zip,2189.5398,1377.4824,480.3992,4129.5582,0.0000,6.8000,7.2000,14.0000
DQN,wildlife_dqn_670000_steps.zip,670000,models/dqn/wildlife_dqn_670000_steps.zip,3707.3587,724.5516,2840.8780,4582.4908,0.0000,9.0000,12.0000,8.8000
DQN,wildlife_dqn_675000_steps.zip,675000,models/dqn/wildlife_dqn_675000_steps.zip,2987.4260,1257.2390,556.4918,4180.7074,0.0000,8.8000,16.8000,1.8000
DQN,wildlife_dqn_680000_steps.zip,680000,models/dqn/wildlife_dqn_680000_steps.zip,3282.1940,1057.7144,1769.8452,5048.4398,0.0000,7.0000,18.4000,0.8000
DQN,wildlife_dqn_685000_steps.zip,685000,models/dqn/wildlife_dqn_685000_steps.zip,3607.5710,705.0244,2639.5540,4791.5604,0.0000,8.2000,16.4000,5.6000
DQN,wildlife_dqn_690000_steps.zip,690000,models/dqn/wildlife_dqn_690000_steps.zip,2716.9780,2042.7302,-28.6906,5466.1982,0.0000,6.8000,21.0000,10.6000
DQN,wildlife_dqn_695000_steps.zip,695000,models/dqn/wildlife_dqn_695000_steps.zip,4113.5001,597.8049,3118.8492,4918.7516,0.0000,10.4000,15.2000,1.2000
DQN,wildlife_dqn_700000_steps.zip,700000,models/dqn/wildlife_dqn_700000_steps.zip,2783.0017,1156.3499,916.5850,4259.3040,0.0000,5.4000,12.6000,4.2000
DQN,wildlife_dqn_705000_steps.zip,705000,models/dqn/wildlife_dqn_705000_steps.zip,3616.2757,946.1057,2201.0330,4920.4892,0.0000,6.2000,13.2000,0.4000
DQN,wildlife_dqn_710000_steps.zip,710000,models/dqn/wildlife_dqn_710000_steps.zip,3154.6068,480.8890,2563.9824,3699.9000,0.0000,4.2000,12.4000,0.0000
DQN,wildlife_dqn_715000_steps.zip,715000,models/dqn/wildlife_dqn_715000_steps.zip,2004.3262,1231.5151,-65.0416,3125.1150,0.0000,8.6000,27.8000,3.6000
DQN,wildlife_dqn_720000_steps.zip,720000,models/dqn/wildlife_dqn_720000_steps.zip,3253.0381,1561.2137,1278.1336,6044.8006,0.0000,9.6000,18.2000,1.4000
DQN,wildlife_dqn_725000_steps.zip,725000,models/dqn/wildlife_dqn_725000_steps.zip,3556.5283,1251.2078,1942.5280,5242.5466,0.0000,8.4000,9.8000,31.8000
DQN,wildlife_dqn_730000_steps.zip,730000,models/dqn/wildlife_dqn_730000_steps.zip,2694.7651,1041.9158,1363.0730,4313.0808,0.0000,7.0000,16.0000,10.8000
DQN,wildlife_dqn_735000_steps.zip,735000,models/dqn/wildlife_dqn_735000_steps.zip,2856.3387,767.2434,1899.8414,3723.7206,0.0000,6.6000,12.8000,1.6000
DQN,wildlife_dqn_740000_steps.zip,740000,models/dqn/wildlife_dqn_740000_steps.zip,3199.9269,485.7618,2276.2972,3717.5580,0.0000,9.0000,8.2000,4.2000
DQN,wildlife_dqn_745000_steps.zip,745000,models/dqn/wildlife_dqn_745000_steps.zip,3081.6812,811.1291,1842.7840,4031.9220,0.0000,8.4000,15.6000,21.6000
DQN,wildlife_dqn_750000_steps.zip,750000,models/dqn/wildlife_dqn_750000_steps.zip,3178.7856,2005.6092,684.3846,5358.6246,0.0000,6.4000,11.0000,9.4000
DQN,wildlife_dqn_755000_steps.zip,755000,models/dqn/wildlife_dqn_755000_steps.zip,2446.7490,1350.7952,731.7772,3765.2636,0.0000,8.2000,15.0000,32.2000
DQN,wildlife_dqn_760000_steps.zip,760000,models/dqn/wildlife_dqn_760000_steps.zip,2982.9746,445.0973,2448.0752,3603.3538,0.0000,9.0000,14.0000,2.6000
DQN,wildlife_dqn_765000_steps.zip,765000,models/dqn/wildlife_dqn_765000_steps.zip,2023.8019,1436.8533,388.5958,3961.3216,0.0000,8.8000,16.4000,4.2000
DQN,wildlife_dqn_770000_steps.zip,770000,models/dqn/wildlife_dqn_770000_steps.zip,2441.1805,1432.7057,96.2926,3764.2988,0.0000,6.6000,13.0000,2.0000
DQN,wildlife_dqn_775000_steps.zip,775000,models/dqn/wildlife_dqn_775000_steps.zip,2738.1760,2000.8287,-1222.7702,4262.7688,0.0000,7.8000,14.2000,44.2000
DQN,wildlife_dqn_780000_steps.zip,780000,models/dqn/wildlife_dqn_780000_steps.zip,3068.3525,1190.8569,941.1364,4268.5142,0.0000,10.0000,12.6000,7.2000
DQN,wildlife_dqn_785000_steps.zip,785000,models/dqn/wildlife_dqn_785000_steps.zip,3101.4582,1256.5655,1633.7202,4797.8870,0.0000,7.8000,17.8000,22.2000
DQN,wildlife_dqn_790000_steps.zip,790000,models/dqn/wildlife_dqn_790000_steps.zip,2947.1898,775.1383,1520.9794,3700.6494,0.0000,8.2000,12.6000,11.6000
DQN,wildlife_dqn_795000_steps.zip,795000,models/dqn/wildlife_dqn_795000_steps.zip,4006.9339,837.6600,2763.0636,5193.6270,0.0000,8.0000,14.8000,5.4000
DQN,wildlife_dqn_800000_steps.zip,800000,models/dqn/wildlife_dqn_800000_steps.zip,2611.5661,975.3574,1033.5434,3699.9000,0.0000,7.8000,10.8000,5.4000
DQN,wildlife_dqn_805000_steps.zip,805000,models/dqn/wildlife_dqn_805000_steps.zip,2900.7512,1171.3093,1723.0110,4787.2918,0.0000,9.8000,10.0000,8.0000
DQN,wildlife_dqn_810000_steps.zip,810000,models/dqn/wildlife_dqn_810000_steps.zip,3128.4146,1112.7646,970.7322,3989.9460,0.0000,9.4000,10.2000,11.8000
DQN,wildlife_dqn_815000_steps.zip,815000,models/dqn/wildlife_dqn_815000_steps.zip,1295.2655,1381.9604,-64.4400,3699.9000,0.0000,7.4000,18.2000,6.6000
DQN,wildlife_dqn_820000_steps.zip,820000,models/dqn/wildlife_dqn_820000_steps.zip,3030.4758,1589.7890,381.6240,5328.0848,0.0000,8.2000,12.8000,21.8000
DQN,wildlife_dqn_825000_steps.zip,825000,models/dqn/wildlife_dqn_825000_steps.zip,2718.4401,1536.0328,1287.1446,5684.2284,0.0000,10.8000,18.6000,10.0000
DQN,wildlife_dqn_830000_steps.zip,830000,models/dqn/wildlife_dqn_830000_steps.zip,2309.7009,839.8753,853.1534,3356.6216,0.0000,6.2000,9.4000,0.2000
DQN,wildlife_dqn_835000_steps.zip,835000,models/dqn/wildlife_dqn_835000_steps.zip,2962.0860,1525.6314,463.7584,5033.0586,0.0000,9.0000,18.0000,1.2000
DQN,wildlife_dqn_840000_steps.zip,840000,models/dqn/wildlife_dqn_840000_steps.zip,2850.4692,1263.5689,663.2022,4259.8986,0.0000,8.6000,18.4000,17.2000
DQN,wildlife_dqn_845000_steps.zip,845000,models/dqn/wildlife_dqn_845000_steps.zip,2791.6553,1513.6144,444.8134,4749.4524,0.0000,6.0000,9.0000,4.8000
DQN,wildlife_dqn_850000_steps.zip,850000,models/dqn/wildlife_dqn_850000_steps.zip,2118.0820,1952.5219,-39.3362,5470.3578,0.0000,8.8000,14.6000,0.8000
DQN,wildlife_dqn_855000_steps.zip,855000,models/dqn/wildlife_dqn_855000_steps.zip,3083.7790,1393.1545,730.6426,4948.2598,0.0000,10.6000,7.0000,2.4000
DQN,wildlife_dqn_860000_steps.zip,860000,models/dqn/wildlife_dqn_860000_steps.zip,1923.6916,1431.9957,-55.3604,3969.1740,0.0000,8.8000,13.2000,9.6000
DQN,wildlife_dqn_865000_steps.zip,865000,models/dqn/wildlife_dqn_865000_steps.zip,2059.9976,1026.8431,799.1502,3302.1406,0.0000,7.2000,13.4000,44.0000
DQN,wildlife_dqn_870000_steps.zip,870000,models/dqn/wildlife_dqn_870000_steps.zip,1411.6598,1232.8755,-38.4080,3015.7202,0.0000,4.4000,18.4000,3.8000
DQN,wildlife_dqn_875000_steps.zip,875000,models/dqn/wildlife_dqn_875000_steps.zip,3686.6570,1572.1035,1741.5174,5767.4616,0.0000,8.4000,9.6000,3.2000
DQN,wildlife_dqn_880000_steps.zip,880000,models/dqn/wildlife_dqn_880000_steps.zip,2581.0016,475.7518,1789.5180,2973.3958,0.0000,8.8000,10.2000,19.4000
DQN,wildlife_dqn_885000_steps.zip,885000,models/dqn/wildlife_dqn_885000_steps.zip,2671.3102,1187.6174,887.3332,4015.2716,0.0000,9.6000,14.4000,1.2000
DQN,wildlife_dqn_890000_steps.zip,890000,models/dqn/wildlife_dqn_890000_steps.zip,2887.2156,843.7292,2067.0688,4328.6554,0.0000,6.4000,17.6000,0.0000
DQN,wildlife_dqn_895000_steps.zip,895000,models/dqn/wildlife_dqn_895000_steps.zip,1566.6810,2104.0392,-1963.8032,4161.7814,0.0000,8.2000,12.2000,88.0000
DQN,wildlife_dqn_900000_steps.zip,900000,models/dqn/wildlife_dqn_900000_steps.zip,2730.4940,979.6687,1193.5694,3854.3090,0.0000,8.4000,12.4000,13.4000
DQN,wildlife_dqn_905000_steps.zip,905000,models/dqn/wildlife_dqn_905000_steps.zip,3850.7794,1576.7337,1458.3860,6133.7244,0.0000,10.4000,12.2000,7.8000
DQN,wildlife_dqn_910000_steps.zip,910000,models/dqn/wildlife_dqn_910000_steps.zip,2585.9966,927.0905,754.6370,3299.6056,0.0000,8.2000,15.8000,11.0000
DQN,wildlife_dqn_915000_steps.zip,915000,models/dqn/wildlife_dqn_915000_steps.zip,2351.7732,1507.9434,919.1974,5125.3472,0.0000,7.2000,17.6000,58.8000
DQN,wildlife_dqn_920000_steps.zip,920000,models/dqn/wildlife_dqn_920000_steps.zip,2620.5570,892.0984,1445.5132,3571.6672,0.0000,6.2000,21.2000,39.2000
DQN,wildlife_dqn_925000_steps.zip,925000,models/dqn/wildlife_dqn_925000_steps.zip,3189.1395,1148.2702,1146.1876,4389.6614,0.0000,9.2000,12.0000,4.8000
DQN,wildlife_dqn_930000_steps.zip,930000,models/dqn/wildlife_dqn_930000_steps.zip,2883.7832,874.9055,1201.5416,3699.9000,0.0000,6.2000,10.0000,1.2000
DQN,wildlife_dqn_935000_steps.zip,935000,models/dqn/wildlife_dqn_935000_steps.zip,2627.2521,1944.8609,-258.4306,5716.3500,0.0000,8.2000,13.6000,13.0000
DQN,wildlife_dqn_940000_steps.zip,940000,models/dqn/wildlife_dqn_940000_steps.zip,1925.9517,1364.3349,614.8104,4320.3840,0.0000,7.0000,12.0000,17.0000
DQN,wildlife_dqn_945000_steps.zip,945000,models/dqn/wildlife_dqn_945000_steps.zip,1912.2368,1474.9548,-214.7454,4352.4814,0.0000,5.8000,17.4000,38.2000
DQN,wildlife_dqn_950000_steps.zip,950000,models/dqn/wildlife_dqn_950000_steps.zip,3453.9753,1602.1564,884.3088,5033.0194,0.0000,11.8000,16.2000,17.6000
DQN,wildlife_dqn_955000_steps.zip,955000,models/dqn/wildlife_dqn_955000_steps.zip,1482.4271,1211.9343,-71.0498,2912.5750,0.0000,9.6000,15.6000,18.0000
DQN,wildlife_dqn_960000_steps.zip,960000,models/dqn/wildlife_dqn_960000_steps.zip,1795.1147,1178.4356,94.5860,3199.5956,0.0000,6.0000,10.2000,0.4000
DQN,wildlife_dqn_965000_steps.zip,965000,models/dqn/wildlife_dqn_965000_steps.zip,2777.2746,580.4226,2099.7382,3734.2878,0.0000,8.4000,13.8000,1.8000
DQN,wildlife_dqn_970000_steps.zip,970000,models/dqn/wildlife_dqn_970000_steps.zip,2677.4918,544.8136,2115.6220,3696.8982,0.0000,8.4000,13.0000,0.2000
DQN,wildlife_dqn_975000_steps.zip,975000,models/dqn/wildlife_dqn_975000_steps.zip,1965.9190,1403.1005,260.6244,3699.9000,0.0000,4.8000,15.8000,3.0000
DQN,wildlife_dqn_980000_steps.zip,980000,models/dqn/wildlife_dqn_980000_steps.zip,1205.2894,2060.0405,-1588.2116,3983.8166,0.0000,9.6000,22.0000,80.4000
DQN,wildlife_dqn_985000_steps.zip,985000,models/dqn/wildlife_dqn_985000_steps.zip,2812.7174,1626.5877,844.2148,4514.9032,0.0000,10.0000,20.2000,7.4000
DQN,wildlife_dqn_990000_steps.zip,990000,models/dqn/wildlife_dqn_990000_steps.zip,2012.1373,741.3093,668.1118,2773.8898,0.0000,8.2000,13.6000,1.2000
DQN,wildlife_dqn_995000_steps.zip,995000,models/dqn/wildlife_dqn_995000_steps.zip,3137.3687,614.6760,2032.9910,3686.6994,0.0000,5.4000,13.4000,0.0000
DQN,wildlife_dqn_1000000_steps.zip,1000000,models/dqn/wildlife_dqn_1000000_steps.zip,2489.9522,724.7694,1512.8424,3324.2146,0.0000,7.4000,23.6000,9.4000
DQN,wildlife_dqn_final.zip,1000000000,models/dqn/wildlife_dqn_final.zip,2515.7844,720.2079,1716.8998,3699.9000,0.0000,4.0000,9.0000,0.2000
PPO,wildlife_ppo_10000_steps.zip,10000,models/ppo/wildlife_ppo_10000_steps.zip,920.9624,1186.3823,-474.5886,2321.6152,0.0000,8.0000,3.4000,42.2000
PPO,wildlife_ppo_20000_steps.zip,20000,models/ppo/wildlife_ppo_20000_steps.zip,732.7473,1768.6017,-1445.4562,2419.5060,0.0000,5.8000,9.8000,108.0000
PPO,wildlife_ppo_30000_steps.zip,30000,models/ppo/wildlife_ppo_30000_steps.zip,441.8048,1366.3415,-1325.2568,2785.4300,0.0000,4.8000,4.6000,66.6000
PPO,wildlife_ppo_40000_steps.zip,40000,models/ppo/wildlife_ppo_40000_steps.zip,1804.2648,1285.0908,-124.0706,3685.6166,0.0000,4.4000,4.8000,3.8000
PPO,wildlife_ppo_50000_steps.zip,50000,models/ppo/wildlife_ppo_50000_steps.zip,2319.0966,1431.3619,133.6224,3699.9000,0.0000,4.8000,4.6000,2.8000
PPO,wildlife_ppo_60000_steps.zip,60000,models/ppo/wildlife_ppo_60000_steps.zip,1316.0825,1640.7084,-1232.0868,3027.9000,0.0000,6.6000,5.2000,71.2000
PPO,wildlife_ppo_70000_steps.zip,70000,models/ppo/wildlife_ppo_70000_steps.zip,1844.0264,1351.5519,-808.3796,2797.7570,0.0000,3.6000,8.4000,40.8000
PPO,wildlife_ppo_80000_steps.zip,80000,models/ppo/wildlife_ppo_80000_steps.zip,1070.1595,1443.6337,-1094.2634,2972.3808,0.0000,6.0000,5.0000,62.8000
PPO,wildlife_ppo_90000_steps.zip,90000,models/ppo/wildlife_ppo_90000_steps.zip,311.1025,1030.9013,-1083.2956,1927.8162,0.0000,5.6000,7.8000,69.6000
PPO,wildlife_ppo_100000_steps.zip,100000,models/ppo/wildlife_ppo_100000_steps.zip,704.8120,1289.1859,-1542.3006,2316.6502,0.0000,6.2000,6.2000,81.0000
PPO,wildlife_ppo_110000_steps.zip,110000,models/ppo/wildlife_ppo_110000_steps.zip,1855.6533,1333.4941,421.7838,4026.9932,0.0000,6.2000,9.4000,60.8000
PPO,wildlife_ppo_120000_steps.zip,120000,models/ppo/wildlife_ppo_120000_steps.zip,2898.6220,1476.6068,943.0552,5105.5646,0.0000,7.6000,4.2000,34.2000
PPO,wildlife_ppo_130000_steps.zip,130000,models/ppo/wildlife_ppo_130000_steps.zip,1004.6547,1990.8540,-1550.1000,4468.9902,0.0000,8.0000,6.0000,52.4000
PPO,wildlife_ppo_140000_steps.zip,140000,models/ppo/wildlife_ppo_140000_steps.zip,1372.6753,898.1465,251.3520,2805.7022,0.0000,10.0000,4.6000,45.8000
PPO,wildlife_ppo_150000_steps.zip,150000,models/ppo/wildlife_ppo_150000_steps.zip,331.6217,2346.2761,-2528.2072,3329.6278,0.0000,8.0000,1.4000,194.2000
PPO,wildlife_ppo_160000_steps.zip,160000,models/ppo/wildlife_ppo_160000_steps.zip,598.9052,2104.6875,-1955.7856,3699.9000,0.0000,6.6000,1.2000,112.6000
PPO,wildlife_ppo_170000_steps.zip,170000,models/ppo/wildlife_ppo_170000_steps.zip,1603.9645,1924.1238,-1136.2622,3604.5992,0.0000,7.4000,4.2000,68.2000
PPO,wildlife_ppo_180000_steps.zip,180000,models/ppo/wildlife_ppo_180000_steps.zip,879.4809,2190.5203,-2602.4952,3574.6494,0.0000,6.6000,4.2000,96.2000
PPO,wildlife_ppo_190000_steps.zip,190000,models/ppo/wildlife_ppo_190000_steps.zip,2918.1189,1983.0306,-453.0840,5741.3480,0.0000,8.0000,2.0000,25.6000
PPO,wildlife_ppo_200000_steps.zip,200000,models/ppo/wildlife_ppo_200000_steps.zip,1288.8930,3159.4105,-2404.4096,5511.6480,0.0000,6.6000,3.0000,128.8000
PPO,wildlife_ppo_210000_steps.zip,210000,models/ppo/wildlife_ppo_210000_steps.zip,3670.1554,990.7637,2276.8944,4798.4448,0.0000,9.0000,3.0000,34.0000
PPO,wildlife_ppo_220000_steps.zip,220000,models/ppo/wildlife_ppo_220000_steps.zip,2623.8890,1705.4942,1053.9000,5537.4416,0.0000,8.2000,1.4000,38.6000
PPO,wildlife_ppo_230000_steps.zip,230000,models/ppo/wildlife_ppo_230000_steps.zip,1211.4242,1812.3802,-1706.7670,3265.3490,0.0000,8.6000,5.8000,128.4000
PPO,wildlife_ppo_240000_steps.zip,240000,models/ppo/wildlife_ppo_240000_steps.zip,2433.6984,711.4751,1410.9000,3333.9526,0.0000,6.4000,4.4000,36.2000
PPO,wildlife_ppo_250000_steps.zip,250000,models/ppo/wildlife_ppo_250000_steps.zip,2001.0373,1125.3575,540.8776,3561.9458,0.0000,4.6000,5.4000,31.0000
PPO,wildlife_ppo_260000_steps.zip,260000,models/ppo/wildlife_ppo_260000_steps.zip,847.3986,1905.8393,-1550.1000,3670.9992,0.0000,7.2000,2.6000,112.4000
PPO,wildlife_ppo_270000_steps.zip,270000,models/ppo/wildlife_ppo_270000_steps.zip,1981.0308,1988.0440,-1265.2014,4795.5126,0.0000,9.8000,4.0000,51.2000
PPO,wildlife_ppo_280000_steps.zip,280000,models/ppo/wildlife_ppo_280000_steps.zip,2963.3076,1689.7582,484.4044,4923.8560,0.0000,8.6000,6.2000,57.0000
PPO,wildlife_ppo_290000_steps.zip,290000,models/ppo/wildlife_ppo_290000_steps.zip,2063.5562,2672.6584,-1893.0096,5973.1346,0.0000,8.8000,1.2000,101.0000
PPO,wildlife_ppo_300000_steps.zip,300000,models/ppo/wildlife_ppo_300000_steps.zip,2733.4970,1625.9100,53.6690,4653.9208,0.0000,6.6000,6.6000,37.6000
PPO,wildlife_ppo_310000_steps.zip,310000,models/ppo/wildlife_ppo_310000_steps.zip,2079.2682,2584.8266,-2320.0540,5104.3568,0.0000,9.4000,3.0000,92.6000
PPO,wildlife_ppo_320000_steps.zip,320000,models/ppo/wildlife_ppo_320000_steps.zip,2502.1623,1522.2774,-56.0008,4134.9488,0.0000,9.6000,1.4000,2.6000
PPO,wildlife_ppo_330000_steps.zip,330000,models/ppo/wildlife_ppo_330000_steps.zip,1174.7296,2458.5847,-1955.8204,3682.6992,0.0000,7.8000,2.2000,137.2000
PPO,wildlife_ppo_340000_steps.zip,340000,models/ppo/wildlife_ppo_340000_steps.zip,1985.8227,1141.3744,306.5966,3635.4478,0.0000,6.4000,3.2000,4.4000
PPO,wildlife_ppo_350000_steps.zip,350000,models/ppo/wildlife_ppo_350000_steps.zip,2570.8794,768.0186,1297.0624,3591.7488,0.0000,9.0000,1.0000,53.0000
PPO,wildlife_ppo_360000_steps.zip,360000,models/ppo/wildlife_ppo_360000_steps.zip,1030.9910,1823.6504,-1208.4304,3234.4688,0.0000,8.2000,1.0000,114.6000
PPO,wildlife_ppo_370000_steps.zip,370000,models/ppo/wildlife_ppo_370000_steps.zip,865.4294,1692.5794,-1705.3366,2743.8332,0.0000,7.6000,3.4000,101.2000
PPO,wildlife_ppo_380000_steps.zip,380000,models/ppo/wildlife_ppo_380000_steps.zip,2764.4095,630.1288,1988.0032,3699.9000,0.0000,8.4000,1.2000,4.6000
PPO,wildlife_ppo_390000_steps.zip,390000,models/ppo/wildlife_ppo_390000_steps.zip,-789.4432,1478.4406,-2171.1984,2058.1832,0.0000,8.2000,1.4000,206.2000
PPO,wildlife_ppo_400000_steps.zip,400000,models/ppo/wildlife_ppo_400000_steps.zip,309.5184,1615.0689,-1497.9840,3053.1200,0.0000,8.0000,1.0000,129.0000
PPO,wildlife_ppo_410000_steps.zip,410000,models/ppo/wildlife_ppo_410000_steps.zip,890.0537,1643.2295,-1366.7712,3695.9000,0.0000,6.4000,1.6000,54.8000
PPO,wildlife_ppo_420000_steps.zip,420000,models/ppo/wildlife_ppo_420000_steps.zip,3094.2383,1645.3091,-169.1582,4256.0168,0.0000,11.0000,1.4000,15.0000
PPO,wildlife_ppo_430000_steps.zip,430000,models/ppo/wildlife_ppo_430000_steps.zip,2701.5335,2150.4624,-241.2734,5067.9992,0.0000,9.0000,2.0000,23.2000
PPO,wildlife_ppo_440000_steps.zip,440000,models/ppo/wildlife_ppo_440000_steps.zip,3232.4198,1873.8570,-51.0302,5216.7848,0.0000,8.6000,2.8000,15.6000
PPO,wildlife_ppo_450000_steps.zip,450000,models/ppo/wildlife_ppo_450000_steps.zip,1797.4886,1507.0575,344.5892,4452.6054,0.0000,8.4000,4.6000,50.8000
PPO,wildlife_ppo_460000_steps.zip,460000,models/ppo/wildlife_ppo_460000_steps.zip,3371.5936,2010.0505,-54.0020,5395.9632,0.0000,8.6000,2.6000,12.4000
PPO,wildlife_ppo_470000_steps.zip,470000,models/ppo/wildlife_ppo_470000_steps.zip,1824.7393,2813.6851,-1283.2532,5865.8086,0.0000,6.2000,2.8000,89.4000
PPO,wildlife_ppo_480000_steps.zip,480000,models/ppo/wildlife_ppo_480000_steps.zip,3871.0598,362.4867,3528.7202,4512.3318,0.0000,7.0000,5.4000,2.6000
PPO,wildlife_ppo_490000_steps.zip,490000,models/ppo/wildlife_ppo_490000_steps.zip,2457.1781,1238.5967,50.8426,3427.4756,0.0000,7.6000,5.0000,65.0000
PPO,wildlife_ppo_500000_steps.zip,500000,models/ppo/wildlife_ppo_500000_steps.zip,1680.2860,948.5044,153.2152,2490.6500,0.0000,7.8000,6.0000,47.2000
PPO,wildlife_ppo_510000_steps.zip,510000,models/ppo/wildlife_ppo_510000_steps.zip,2402.0606,2020.3630,-1536.6036,3776.5164,0.0000,7.4000,3.8000,89.6000
PPO,wildlife_ppo_520000_steps.zip,520000,models/ppo/wildlife_ppo_520000_steps.zip,3123.8006,652.9948,2024.7012,3699.9000,0.0000,6.6000,5.8000,8.4000
PPO,wildlife_ppo_530000_steps.zip,530000,models/ppo/wildlife_ppo_530000_steps.zip,3889.2440,1697.1114,724.7668,5555.4868,0.0000,8.6000,3.8000,5.0000
PPO,wildlife_ppo_540000_steps.zip,540000,models/ppo/wildlife_ppo_540000_steps.zip,2754.6732,1258.4023,1308.0320,4315.1088,0.0000,9.8000,5.2000,32.2000
PPO,wildlife_ppo_550000_steps.zip,550000,models/ppo/wildlife_ppo_550000_steps.zip,1774.9394,2804.5164,-1317.8956,4962.6212,0.0000,8.8000,4.6000,105.2000
PPO,wildlife_ppo_560000_steps.zip,560000,models/ppo/wildlife_ppo_560000_steps.zip,1913.5617,1750.7671,-55.0014,4007.6664,0.0000,7.0000,2.4000,0.8000
PPO,wildlife_ppo_570000_steps.zip,570000,models/ppo/wildlife_ppo_570000_steps.zip,1798.8301,1286.7202,279.1600,3699.9000,0.0000,7.8000,5.4000,14.6000
PPO,wildlife_ppo_580000_steps.zip,580000,models/ppo/wildlife_ppo_580000_steps.zip,2229.6259,1469.8059,249.6966,4768.3090,0.0000,8.2000,8.0000,9.0000
PPO,wildlife_ppo_590000_steps.zip,590000,models/ppo/wildlife_ppo_590000_steps.zip,2594.9082,720.8389,1585.4824,3611.6952,0.0000,7.0000,4.4000,2.0000
PPO,wildlife_ppo_600000_steps.zip,600000,models/ppo/wildlife_ppo_600000_steps.zip,2344.8220,2210.3188,-65.6008,4996.0476,0.0000,7.8000,5.2000,1.2000
PPO,wildlife_ppo_610000_steps.zip,610000,models/ppo/wildlife_ppo_610000_steps.zip,1195.0342,1217.7448,-52.0054,3476.2428,0.0000,7.6000,5.2000,37.4000
PPO,wildlife_ppo_620000_steps.zip,620000,models/ppo/wildlife_ppo_620000_steps.zip,1567.1506,837.5313,-46.0024,2275.3120,0.0000,6.8000,3.2000,24.8000
PPO,wildlife_ppo_630000_steps.zip,630000,models/ppo/wildlife_ppo_630000_steps.zip,3179.1698,1507.3732,639.7298,4647.3886,0.0000,10.4000,5.2000,39.6000
PPO,wildlife_ppo_640000_steps.zip,640000,models/ppo/wildlife_ppo_640000_steps.zip,2171.3223,2150.9375,-1087.3294,4249.4994,0.0000,7.2000,2.0000,42.8000
PPO,wildlife_ppo_650000_steps.zip,650000,models/ppo/wildlife_ppo_650000_steps.zip,2779.5100,1281.6118,1572.3000,4592.6674,0.0000,7.6000,1.8000,47.4000
PPO,wildlife_ppo_660000_steps.zip,660000,models/ppo/wildlife_ppo_660000_steps.zip,3962.4618,906.1743,2875.1166,5406.6372,0.0000,9.8000,4.2000,10.2000
PPO,wildlife_ppo_670000_steps.zip,670000,models/ppo/wildlife_ppo_670000_steps.zip,2767.4231,1447.9864,1152.6724,5404.6070,0.0000,8.0000,6.8000,25.8000
PPO,wildlife_ppo_680000_steps.zip,680000,models/ppo/wildlife_ppo_680000_steps.zip,2898.3942,617.7190,2216.6466,3761.8072,0.0000,6.4000,6.4000,26.6000
PPO,wildlife_ppo_690000_steps.zip,690000,models/ppo/wildlife_ppo_690000_steps.zip,3525.7421,732.9119,2133.5434,4074.3316,0.0000,7.2000,5.4000,17.8000
PPO,wildlife_ppo_700000_steps.zip,700000,models/ppo/wildlife_ppo_700000_steps.zip,2231.3217,1468.9335,325.7794,3699.9000,0.0000,8.0000,3.8000,46.6000
PPO,wildlife_ppo_710000_steps.zip,710000,models/ppo/wildlife_ppo_710000_steps.zip,2891.9461,2043.7986,705.7764,6407.7884,0.0000,9.6000,7.8000,15.0000
PPO,wildlife_ppo_720000_steps.zip,720000,models/ppo/wildlife_ppo_720000_steps.zip,2751.2133,1244.0096,635.5454,4098.1656,0.0000,11.0000,6.6000,4.0000
PPO,wildlife_ppo_730000_steps.zip,730000,models/ppo/wildlife_ppo_730000_steps.zip,2033.6564,1909.1405,-1205.2624,4039.2142,0.0000,7.8000,6.8000,73.2000
PPO,wildlife_ppo_740000_steps.zip,740000,models/ppo/wildlife_ppo_740000_steps.zip,3266.1231,1051.5890,2062.2106,4995.4092,0.0000,6.8000,5.0000,16.0000
PPO,wildlife_ppo_750000_steps.zip,750000,models/ppo/wildlife_ppo_750000_steps.zip,2509.2934,1547.7272,1185.9148,5515.5332,0.0000,10.2000,4.0000,59.2000
PPO,wildlife_ppo_760000_steps.zip,760000,models/ppo/wildlife_ppo_760000_steps.zip,2043.8020,2342.8331,-1196.0842,5120.2824,0.0000,9.8000,5.0000,39.8000
PPO,wildlife_ppo_770000_steps.zip,770000,models/ppo/wildlife_ppo_770000_steps.zip,2645.8590,794.5505,1401.5008,3506.7244,0.0000,8.8000,5.2000,1.4000
PPO,wildlife_ppo_780000_steps.zip,780000,models/ppo/wildlife_ppo_780000_steps.zip,2532.0012,1333.5641,59.0370,3672.0534,0.0000,8.8000,4.0000,22.2000
PPO,wildlife_ppo_790000_steps.zip,790000,models/ppo/wildlife_ppo_790000_steps.zip,3128.4617,987.9165,2056.5448,4763.5388,0.0000,9.4000,4.8000,4.0000
PPO,wildlife_ppo_800000_steps.zip,800000,models/ppo/wildlife_ppo_800000_steps.zip,2824.8977,1603.6184,936.5650,5113.3764,0.0000,7.2000,5.2000,20.8000
PPO,wildlife_ppo_810000_steps.zip,810000,models/ppo/wildlife_ppo_810000_steps.zip,4142.9384,737.8169,3412.9894,5538.9748,0.0000,8.8000,4.6000,3.2000
PPO,wildlife_ppo_820000_steps.zip,820000,models/ppo/wildlife_ppo_820000_steps.zip,2028.5007,1016.1308,1033.2866,3536.5294,0.0000,7.8000,6.8000,27.2000
PPO,wildlife_ppo_830000_steps.zip,830000,models/ppo/wildlife_ppo_830000_steps.zip,3141.7297,1655.0098,1154.9172,5202.7078,0.0000,10.8000,9.4000,2.6000
PPO,wildlife_ppo_840000_steps.zip,840000,models/ppo/wildlife_ppo_840000_steps.zip,2617.0893,1334.8161,555.5148,3699.9000,0.0000,6.2000,6.2000,0.8000
PPO,wildlife_ppo_850000_steps.zip,850000,models/ppo/wildlife_ppo_850000_steps.zip,1563.7718,843.5093,-0.5036,2316.2518,0.0000,9.2000,8.2000,62.6000
PPO,wildlife_ppo_860000_steps.zip,860000,models/ppo/wildlife_ppo_860000_steps.zip,2273.1373,1253.8227,546.8996,3700.5964,0.0000,6.6000,7.4000,6.2000
PPO,wildlife_ppo_870000_steps.zip,870000,models/ppo/wildlife_ppo_870000_steps.zip,2254.8624,1429.0328,-54.8532,3699.9000,0.0000,7.0000,4.8000,1.0000
PPO,wildlife_ppo_880000_steps.zip,880000,models/ppo/wildlife_ppo_880000_steps.zip,2659.7714,1703.9740,541.8798,4466.4638,0.0000,8.0000,7.2000,0.8000
PPO,wildlife_ppo_890000_steps.zip,890000,models/ppo/wildlife_ppo_890000_steps.zip,3239.4746,1480.4998,1426.5794,5514.3194,0.0000,7.2000,6.2000,7.6000
PPO,wildlife_ppo_900000_steps.zip,900000,models/ppo/wildlife_ppo_900000_steps.zip,2644.4693,1607.0342,232.2628,4034.8682,0.0000,11.6000,7.0000,38.0000
PPO,wildlife_ppo_910000_steps.zip,910000,models/ppo/wildlife_ppo_910000_steps.zip,1491.4346,1756.8111,-728.3618,3821.7464,0.0000,7.6000,7.2000,133.6000
PPO,wildlife_ppo_920000_steps.zip,920000,models/ppo/wildlife_ppo_920000_steps.zip,2014.0555,1413.9197,746.2318,4725.3774,0.0000,6.0000,3.2000,41.2000
PPO,wildlife_ppo_930000_steps.zip,930000,models/ppo/wildlife_ppo_930000_steps.zip,3429.6627,995.7910,2370.6258,4919.6196,0.0000,6.8000,8.8000,22.8000
PPO,wildlife_ppo_940000_steps.zip,940000,models/ppo/wildlife_ppo_940000_steps.zip,3634.0950,439.3416,2941.1704,4307.8742,0.0000,7.8000,9.8000,12.2000
PPO,wildlife_ppo_950000_steps.zip,950000,models/ppo/wildlife_ppo_950000_steps.zip,1146.6488,1908.7335,-1549.3506,4220.7680,0.0000,7.8000,7.4000,107.2000
PPO,wildlife_ppo_960000_steps.zip,960000,models/ppo/wildlife_ppo_960000_steps.zip,1352.4196,1524.1659,-1528.2288,2960.3612,0.0000,7.4000,10.6000,72.8000
PPO,wildlife_ppo_970000_steps.zip,970000,models/ppo/wildlife_ppo_970000_steps.zip,3446.7294,1078.6827,1578.9000,4940.9728,0.0000,8.2000,6.2000,37.0000
PPO,wildlife_ppo_980000_steps.zip,980000,models/ppo/wildlife_ppo_980000_steps.zip,2597.6497,1866.6819,-17.5768,4878.8530,0.0000,9.0000,5.6000,26.4000
PPO,wildlife_ppo_990000_steps.zip,990000,models/ppo/wildlife_ppo_990000_steps.zip,3632.3457,956.4938,2460.8270,5243.6170,0.0000,8.4000,7.0000,5.6000
PPO,wildlife_ppo_1000000_steps.zip,1000000,models/ppo/wildlife_ppo_1000000_steps.zip,2716.0307,1018.4569,1083.4700,4127.0298,0.0000,7.6000,11.0000,61.8000
PPO,wildlife_ppo_final.zip,1000000000,models/ppo/wildlife_ppo_final.zip,1874.6560,1225.0067,397.4104,3202.6028,0.0000,6.0000,11.0000,37.8000
